id,username,rating,date,review
187828,세연,5,2026-04-10 16:10:04,"친구들과 생일파티를 위해 파티룸을 찾던 중 스페이스T로 예약하게 되었습니다 !! 아침 8시까지 올나잇 패키지로 합리적인 가격에 이용할 수 있어서 만족스러웠고, 식기류부터 가구, 내부 화장실까지 모두 깨끗히 관리되고 있어서 너무 편안하게 이용 가능했습니다 😚😚 담요도 여러개 구비되어 있어 좋았어요! 다음에도 모임 장소로 또 이용하고 싶었답니다 ㅎ.ㅎ🩷"
186657,늘보,5,2026-03-26 18:05:40,"공간이 깨끗하고 좋아요. 다들 만족하셨어요. 덕분에 즐거운 시간 보냈습니다. 
다음에 또 이용할게요!"
179327,유나,5,2025-12-30 12:40:14,"너무너무 만족해요!!!
일단 공간 주인분이 정말 친절하세요 이런 공간 빌리는게 처음이라 모르는 것도 많고  예민했는데 하나하나 친절하게 설명해주시고 재촉없이 기다려주셔서 너무 감사했습니다
파티룸도 너무 깔끔하고 사진만큼 좋았어요
이 가격에 이정도의 파티룸을 빌릴 수 있단게 믿기지 않아서 솔직히 장기 떼이는거 아닌가 걱정했는데 아니더라고요
또 오고싶습니다😘"
173881,호이이,5,2025-11-02 16:29:10,들어오는 빛이 너무 이뻤어요!! 이건 제가 잘 못알아보고 예약해서 아쉬웠던건데 전신 거울이 없어서 쪼금 아쉬웠습니다ㅎㅎ
168679,쏙쓸,4,2025-08-30 00:11:34,잘 사용하고 갑니다. 꼭대기 계단은 조금 아쉽습니다
166787,서다은,5,2025-08-09 17:13:33,분위기있고 좋았어요! 다음에도 오고싶네요.
159157,하나미,5,2025-05-07 18:50:40,"아늑하고 편안한 공간이었습니다 💛
앞으로 자주 예약하고 사용할 것 같아요!"
153054,Bella,2,2025-02-19 11:34:59,"역 근처라 교통이 편리하고, 장소도 깔끔했어요. 다만, 이용시간이 10분 차감되어 실제 50분만 사용해야 하고, 50분이 되면 호스트가 파티룸으로 올라와서 조금 불편했어요. 그래도 전반적으로 괜찮았어요."
148922,hodyun,5,2025-01-05 20:23:41,"갈때마다 아늑하고 기분좋은 장소입니다.
즐거운 모임 할수있게 장소 관리해주셔서 감사해요! 또 올께요"
143739,hodyun,5,2024-11-17 15:18:38,"오랜만에 방문했는데 여전히 안락하고
너무 편안하게 보냈습니다!!"
133536,wkd****,5,2024-07-24 03:14:16,깨끗하고 식기도 예쁜걸로 잘 구비되어 있어서 좋았습니다~ 건물에 사람들이 별로 없어서 엘리베이터 이용하기도 좋았어요~ 
114657,연하,1,2023-12-29 13:00:01,"파티룸 화장실 들어가자마자 화장실이 역류해서 시설 화장실 이용도 못하고 2~3층 화장실 이용했네요
파티룸 출입문도 잠금 장치도 없고 전 날 사용하시던 분이 담당자님이랑 연락안된다고 물건 찾으러 저희 이용 시간에 찾아오고 아주 버라이어티한 경험이었습니다.
담당자 응대도 너무 안되서 속터지는건 최악의 경험이었네요
다신 안 갈 것 같네요 "
112120,햄빵,4,2023-12-07 23:14:48,"파티룸을 이용할 때는 불편한 것 없이 
잘 이용할 수 있었습니다 역에서부터 거리도 괜찮았고 편의점이 가까이 있는 것도 다 좋았습니다만 보증급 환급으로 문제가 생겨 사장님과 연락을 주고 받았어야 하는 상황인데도 불구하고 원활히 되지 않았습니다.
이런 점 고려하시고 예약하시길 바랍니다"
111605,탱구,5,2023-12-02 17:50:25,"생각보다 넓진 않았지만, 7명이 파티하기 충분했습니다!

실내화장실과 보드게임, 의자, 담요도 많이 구비되어있고
난방이 켜져 있지 않아서 처음엔 추웠지만 난방과 히터를 트니 금방 따듯해지더라구요!

잘 이용했습니다~"
111307,xuxing,5,2023-11-28 17:39:30,공간도 사진과 비슷했고 좋았습니당 다음에 또 이용할 것 같아용 😁😁
110027,정의의아군,5,2023-11-14 17:21:58,"햇살도 넘 예쁘고 뷰도 시원하게 탁 트여서 넘 좋았어요ㅎㅎㅎ 따로 떨어진 옥탑이어서 좀 씨끄럽게 놀아도 부담이 적었구요~
방바닥도 따끈해서 기분 좋았고 위치도 역에서 가까운 편이어서 접근성도 좋았습니다 ㅠ(깔게 없음)
도란도란 놀기 참 좋은 곳이에요~
또 올게요~😸💞🤭"
109195,여나루,5,2023-11-05 23:15:54,너무 잘 사용했습니다 :) 만족스러운 파티룸!!
108973,공공마,3,2023-11-03 20:46:52,"잘 이용하고 갑니다.
화장실이 냄새가 너무 심해서 이용하는데 거부감이 심했어요
문을 잠깐만 열어도 룸에 가득 냄새가 나더라구요
청소좀 해야 될것 같습니다.;;;;"
107852,모주니,5,2023-10-22 09:30:49,"직접 꾸며야하는건지 모르고 간거라 처음엔 놀랐는데, 꾸미다보니 이쁘게 잘 했습니다! 

풍선, 가렌더, 케이크는 직접 준비했고 그 외는 모두 있는걸로 꾸몄어요.

살짝 쌀쌀해서 보일러 틀었는데 따뜻하게 잘 놀다왔어요 ! 다음에도 또 이용하겠습니다"
107317,손여울,5,2023-10-16 10:58:13,"위치가 너무 좋아서 벌써 두 번째 이용이네요:) 위치랑 시설, 전망 다 편하고 좋아요 "
106780,일요,5,2023-10-10 12:10:27,좋은 공간에서 즐거운 시간 보낼 수 있어서 감사드립니다! 역과 근접해있고 내부도 깔끔하고 무엇보다 통창으로 되어 있어 야경을 즐기기에도 좋았어요! 오신 분들께서 다음에 개인적으로 이용하고 싶다고 사진 찍어가셔서 뿌듯했습니다! 
103850,손여울,5,2023-09-05 14:31:32,친구들이랑 밤새 영화보려고 예약했는데 가격대비 공간 넉넉하고 역이랑 가까워서 접근성도 너무 좋고 공간도 깔끔하고 야경도 좋았어요! 7층인데 엘리베이터도 있어서 편했구요 파티룸은 지하에 있는 공간이 많은데 여긴 지상층이라 쾌적해서 편하게 이용했답니다! 담에 또 올게요~ 
102540,Hae,5,2023-08-22 18:59:54,"짧게 모임해야하는 일이 있었는데, 카페에서는 하고싶지 않구 저희끼리 있을 적당한 아지트같은 공간을 원했었어요!
찾아보니 가격도 저렴한 편이고 햇볕도 잘들어서 정말 좋았습니다ㅎㅎ
즐겁게 머물다 갑니다 :)"
99734,pas,5,2023-07-25 17:40:31,엘베도 5층까지 있어서 편하고 공간도 단독이라 눈치볼일도 없어서 너무 좋았습니다. 자주 이용하겠습니다~~~
99715,thebe****,5,2023-07-25 16:07:23,"클래스를 진행하기 위해 오후 3시간씩 이용했습니다. 

장소 깔끔하고요. 꼭대기에서 보는 도심뷰가 정말 멋집니다! 

저녁이나 밤에 이용하면 분위기있는 시간을 보낼 수 있을것 같아요!

2면이 대형 유리창으로 되어있다보니 자연광이 잘 들어옵니다.

코지한 인터리어가 공간과 매우 잘 어울립니다!

소규모 모임 공간으로 추천해요~@"
99083,리니,5,2023-07-18 16:52:38,"완벽한 파티하고 가요!
브샤용 파티용품, 그릇, 컵 등 예쁘고 손펌프 있어서 좋았어요
편의점도 가깝고 위치도 분위기도 굿"
98471,1670729349,5,2023-07-11 13:15:29,모든 질문 친절하게답장해주시고 룸도 너무 예쁘고 쾌적했습니다🥲🩷 다음에 또한번 룸 빌릴 일 있으면 여기로 재방문하고싶어요
97836,jokesweed,5,2023-07-03 14:48:31,들어서자 마자 밝고 탁 트인 공간이라 너무 좋았어요~  비가 오는 날이였는데 창밖을 보면서 있는 것도 힐링 그 자체였어요. 그릇이나 와인잔들도 너무 종류별로 있고 디자인도 이뻐서 편했어요. 다음에 또 이용할게요~
97665,키라,5,2023-07-01 17:41:49,"사진은 없지만...리뷰보고 들어와서는 7명이 충분히 놀 공간이었으며, 담요도 있어서 추울 때 누워서 잘 수 있어서 좋았고, 방향제와 화장실도 냄새가 안 나고 좋았습니다 (:"
96815,희정,5,2023-06-20 14:17:44,데이트로 공간 빌려서 간단한 요리 해서 먹고 하트시그널 봤는데 너무 좋았어요! 창이 크게 있다보니 뷰도 예뻐서 더 분위기 있었습니다 :)
96497,나댜,4,2023-06-16 15:51:11,"전체적으로 만족했습니다! 공간이 예쁘고 통창이 분위기를 더해줬어요~ 
몇가지 아쉬운 점 포함해서 상세 후기 블로그에 작성해놓았으니 궁금한 분들은 둘러보세용 :)
https://blog.naver.com/nadia_kyungeun/223127479005"
95843,피에드,5,2023-06-07 11:52:28,"너무 깔끔하고 조용하고, 바로 옆 편의점도 있어서 편리했어요!! 공간도 사진보다 더 넓은 느낌이에요ㅎㅎ"
95392,피스,5,2023-05-31 15:54:44,"교회에서 엠티 멀리로 갈까 하다가 가까운 서울에서 놀자고 해서 스페이스 T로 왔어요 ㅎㅎ. 실내 깔끔하구 저희 사람수 딱맞게 수저 8개씩 준비되어 있었고, 화장실이 내부에 있어서 아주 편했네요. 통유리창이랑 라탄 조명덕분에 사진도 예쁘게 나와요! 그리고 보드게임 많이많이 준비되어 있어서 다 못하고 나온게 그저 아쉬워요. 특별한 날에 칭구들모여서 놀기 딱!"
95390,cy****,5,2023-05-31 15:40:57,"통창뷰가 공간을 넓고 시원하게 보이고 만들었어요! 그리고 라탄 조명들이 있어서 동남아 루프탑 레스토랑에 온 느낌? 저희는 저녁식사가 메인이였기 때문에 큰 테이블이 있어서 너무 편했고 보조의자가 여러개있어서 9명이서 다 앉을 수 있었어요!
또 보드게임도 다양하게 있어서 시간 가는 줄 모르고 재밌게 놀있답니다!추천드려요!"
95004,라초,4,2023-05-27 08:10:08,넘 깔끔하고 이쁘고 좋았어요 또올게여
94247,본각,5,2023-05-17 09:48:43,"기대 이상으로 쾌적하고 좋았던 공간입니다! 서울 곳곳에서 파티룸 10군데 정도 다녀본 것 같은데, 접근성을 비롯하여 뭐 하나 아쉬운 점 없이 만족스러웠습니다 ㅎ.ㅎ 저희는 8명 놀았는데, 10명까지도 충분히 재밌게 놀 수 있을 것 같네요. 덕분에 모임 친구들한테 칭찬 많이 받았습니다 ㅎ.ㅎ  재방문 의사 200%입니다 :)"
94201,태리짱,5,2023-05-16 13:55:49,"역에서 가깝고 뷰도 좋아요!
보드게임도 많고 깔끔해서 좋았습니다!"
94199,구슬,5,2023-05-16 13:31:11,깔끔하고 좋았어요! 작업물 퀄리티도 만족스럽습니다 :) 다음에 또 이용할게요!
94032,푸푸똥,5,2023-05-14 13:57:12,가장 좋았던 점은 10명이 이용했는데도 부족함 없던 공간! 의자와 냉장고가 넉넉해서 좋았어요. 식기류도 충분했고요. 공간은 쾌적하고 예쁩니다. 들어가자마자 친구들이랑 박수쳤어요ㅋㅋ 따뜻하고 빈백도 있고. 그리고 창문으로 햇빛이 들어와서 사진이 잘 나와요💕 호스트님께 문의사항도 많았는데 항상 친절하게 답변해주셨네요. 다음에 또 이용하고 싶어요
93700,다은,5,2023-05-09 12:00:27,"잘 놀다 갑니당
시설 깨끗하고 주변 조용하구
게임도 담요도 따땃하고 시원하게 
재밌었습니당"
92075,거품모자,5,2023-04-18 23:53:02,재밌게 잘놀다 갑니다 필요한거 다있고 빔프로젝트 너무 잘썼어오❤️
90948,졍,5,2023-04-03 13:15:11,깔끔하고 사전이 주신 상세 설명 덕분에 추가 문의없이 잘 이용하다가 갔습니다 좋은 공간 대여 감사합니다
90946,벌꿀오소리,5,2023-04-03 12:18:39,"두번째 이용한 공간입니다!
위치, 시설 전부 완벽한 공간! 강추합니다!"
89479,zooh,5,2023-03-15 21:35:12,일단 깔끔하구 아늑해서 좋았어요! 있을거 다 있구 인테리어도 예뻐요 ㅎㅎ 그리구 무엇보다 밤 늦게까지 시끄럽게 떠들어도 뭐라 할 사람이없는 건물이라 정말 편했습니당👍🏻 또 이용하려구요!
88799,래루,5,2023-03-06 10:28:15,"친구 브라이덜 샤워 해줬어요! 먼저 가서 꾸며놨는데, 전혀 상상하지 못했다고 너무 좋아했습니다. 파티룸도 화장실도 깨끗하고 좋았어요. 날이 조금 흐려서 쨍한 느낌은 아니었지만, 두 면이 유리창이라 해 질 무렵이나 저녁에 오히려 더 예쁠 것 같아요. 조용하고 같은 층에 다른 사람들이 없어서 편안히 오랫동안 수다떨다 나왔습니다🥳"
88646,예시카,5,2023-03-04 12:45:21,"접근성 좋고, 맨 꼭대기 층임에도 불구하고 인테리어 코지하고 좋았어요. 필요한 모든것들이 다 갖춰져 있었고 특히, 냉장고가 커서 좋았습니다 ㅎㅎ
 함께한 친구들도 너무 맘에 들어했고, 어떻게 꾸미냐에따라 분위기가 확 바뀔 수 있는 카멜레온 같은 공간이었어요 ㅎㅎ 덕분에 재미있게 생일파티하고 갑니다:)"
88277,여구르르,5,2023-02-27 13:58:25,공간이 깔끔하고 채광이 좋아요🥰 잘 썼습니다
86984,chachaa33,5,2023-02-13 10:00:52,"고마운 사람들에게 대접하기 위해 이쁘고 편안한 장소를 찾다가 발견했어요. 인테리어와 루프탑 뷰에 반했는데, 내부시설/관리상태 등 다 너무 만족스러웠어요! 스피커는 쓰기 엄청 간단한데 소리가 시원시원하게 나오고 보드게임까지 완벽한 센스ㅎㅎ 식기류는 넉넉했고, 추위 많이 타는데 담요가 푹신푹신해서 기분이 좋았어요. 부족함 없이 너무 편하게 잘 놀았어요~"
85730,cookie,5,2023-01-29 22:46:04,"친구들과 편하게 놀려고 방문했어요! 잔이랑 식기도 넉넉하게 있고 보드게임도 있어서 즐거운 시간 보냈습니다 ㅎㅎ
무엇보다 분위기가 너무 좋아요~~"
84145,애진,5,2023-01-09 17:12:17,"10인이나 되는 많은 인원임에도 불구하고 편하게 잘 이용하고 갑니다! 식기들도 수량이 많아서 부족함이 없더라구요!

제일 좋았던 건 보일러가 너무 잘돼있어서 따뜻하게 잘 이용할 수 있었어요~!"
84142,리데이,5,2023-01-09 16:37:02,"전반적으로 부족한거 없는 공간입니다. 꼭대기층이라 뷰도 뻥 뚫려있고, 추울까 걱정했는데 전혀 그렇지 않았습니다. 기본적인 주방용품이랑 에어프라이기도 있어 간단히 요리해먹을 때 요긴했고, 냉장고 크기도 넉넉합니다. 깔끔하다는 인상을 받았고, 담요도있어 간단히 눈붙일 때 사용했어요. 쓰레기 봉투도 있어서 치울 때 편했습니다"
84132,쭈루우우웅,5,2023-01-09 15:19:55,"깔끔하고 예뻤습니다!
근데 깨끗이 치우고 퇴실한 지 이틀이 지났는데 청소보증금은 언제 돌려주시나요?"
81431,지민,5,2022-12-13 19:07:51,식기도 있고 의자도 많아서 10명 놀기에도 무리없었어요!! 엄청 넓은 공간은 아니고 아늑한 다락방 느낌입니다. 오늘 오랜만에 모이는 자리였는데 잘 놀다 가요!! 감사합니다!!
78996,하루,5,2022-11-13 09:01:28,새벽 내 추울 것 같았는데  난방이 잘 되어 따뜻하게 보내고 갑니다~ 빔프도 좋았고 1충전 케이블등 부족하지않게 구비되어있어 편리하게 사용했어요!
78190,ofobject,5,2022-10-31 21:16:55,아늑하게 잘 썼습니다. 위치도 좋고 주차가 편해서 좋았습니다. :)
78031,이은성,5,2022-10-29 18:11:45,"공간 깨끗하고 아늑하고 7층이라 소음 신경도 안쓰여서 좋았습니다~
즐거운 파티 할수 있게 해주셔서 감사해요~"
72428,우리다시,5,2022-08-08 10:58:08,깔끔하고 좋습니다. 주차도 좋구요. 무엇보다 독립된 공간이라 소음이나 주변 신경을 덜 쓰니 편합니다. 
71825,윤총무,5,2022-07-31 17:22:24,"친목 모임 장소로 이용했는데 깔끔하고 좋았어요~ 다른 사람들 신경쓰지 않아도 되고 편안하게 있을 수 있는 게 제일 큰 장점인 거 같아요~ 충전기나 삼각대, 블루투스 스피커처럼 필요한 물건들이 잘 구비되어 있어서 좋았습니다~"
70073,터키슈퍼스타,5,2022-07-07 09:38:44,"방 예쁘고 깔끔해요! 큰 식탁 있어서 먹고 놀기에도 좋습니다
부루마블 게임도 있어서 좋았어요"
69685,정원,4,2022-07-01 03:10:50,깨끗하고 조용해서 좋았어요 다음에도 이용할게요~
68948,루이k,4,2022-06-19 08:14:02,사용하기 좋았음 깨끗하고 뷰도 좀조좋고 나이스
68212,PURPLECAT,3,2022-06-06 19:08:13,"시설은 나쁘지 않았으나, 문에 잠금장치가 없다는 것이 좀 별로였네요... 야간시간 이용이었는데 불안했습니다."
66920,김선근,1,2022-05-16 13:32:49,그냥 이용해보셈 ㅇㅇㅇㅇㅇㅇㅇㅇㅇㅇㅇㅇ
65811,우깅,5,2022-04-28 09:39:02,예쁜 소품들도 있고 교통편도 좋고 가격대비 만족했어요!!
65417,,5,2022-04-20 19:26:49,"냉장고,식기류,테이블 등 다 갖춰져있었어요. 그리고 제일 꼭대기 층이라 조용하고도, 분위기 있었습니당:)
브라이덜 샤워 제대로 즐기고 갑니다!"
64953,타이훈,5,2022-04-13 19:53:11,포근한분위기에 주차도 되고 깔끔합니다:)
64341,지니,5,2022-04-02 15:22:04,창문이 온 사방에 있어서 개방감이 좋았습니다
63582,이유진,5,2022-03-19 23:46:13,코로나때문에 방문 못할 뻔했는데 다행히 되는 친구들끼리라도 너무 알차게 잘 놀다 갑니다 :) 친구들과 추억 만들기 좋아요! 
63083,채린,5,2022-03-08 11:00:19,"역 바로 근처에 위치하고, 깨끗하고 넓어서 좋았습니다 ʕتʔ 궁금한 점을 여쭤보면 카톡으로 빠르고 친절하게 답해주셔서 좋았어요!"
62258,조숑,4,2022-02-21 22:44:25,저녁이라 해가 안들어서 사진과 같은 느낌은 덜했지만 다같이 모여 놀기 좋았습니다!
61602,밍밍,5,2022-02-12 14:14:59,너무 깔끔하고 채광도 좋아서 사진도 잘나와서 좋았어요 웬만한거 다 있어서 편하게 잘 놀다 갔어요!!
60897,도링,5,2022-01-31 21:15:13,깨끗하고 바닥도 따뜻해서 좋았어요~ 화장실 냄새가 심하다는 후기가 있어서 좀 걱정했는데 괜찮았습니당! 사장님께서 친절하셨고 다음에 또 이용하고 싶은 곳이에요
60750,뇽냥,5,2022-01-29 12:05:53,친구들과 넘 즐거운 시간 보냈어용!! 채광도 좋아서 사진도 이쁘게 찍을 수 있었습니당 다음에도 또 이용할게여!!
60295,선쟁,5,2022-01-21 16:42:14,"공간이 너무 예쁘고, 따뜻했어요. 블루투스 스피커도 있어서 음악틀어놓고 독서모임 편안하게 할 수 있었습니다:)"
59936,오기,5,2022-01-16 11:01:10,채광좋고 난방이 잘되어있어서 방바닥도 따뜻했고 온수도 잘나와서 넘 좋앗어요ㅎㅎㅎ빔프로젝터있어서 편한소파에 앉아서 유튜브도 보고 대만족입니다
58667,김,5,2021-12-27 16:20:00,깔끔해서 좋았어요! 친구들이랑 영화관람하기 좋은 장소네요 ㅎㅎ
57537,rlagy1016,5,2021-12-11 15:23:02,"즐겁게 놀다갑니다! 편안하고 좋았어요ㅎ
다만 화장실에서 이상한 냄새가 나서 그건 좀 그랬습니다ㅠ 그거말고는 다 좋았어요!"
57113,코포언니,5,2021-12-04 22:07:14,독서모임 잘 했어용~~~~~~~~~~
54527,지현,4,2021-10-23 19:23:06,"생일파티 했는데 아늑하게 좋은시간 보냈습니다.
다과먹으면서 이야기 조금나누니 시간이 금방 지나갔네요
3시간 예약하고 시간연장 하고 싶었는데 뒤에 바로 예약이 있어서 아쉬웠어요
다음엔 여유있게 더 길게 예약해야겠어요.
아~ 엘레베이터가 5층까지라 7층까지는 계단 걸어올라가야하는데 짐이 있을땐 힘들었어요
장소는 생각보다 좀 협소했지만 6명까진 이용가능하겠구요~"
54005,아람,5,2021-10-14 00:18:17,기대이상으로 좋았어요! 파티에 필요한 용품들이 다 있어서 진짜 편하게 놀다가 가요 실내도 완전 깨끗하고 일단 사진이 다 너무 예쁘게 나와요 ㅜㅜ 사장님께서 처음부터 친절하고 자세하게 알려주시고 배려해주셔서 불편한점이 하나도 없었습니다 ㅎㅎ 감사해요 사장님 다음에 또 방문하고 싶어요! 
53714,돈구디뉴냐,5,2021-10-09 18:14:05,"브라이덜 샤워했는데 꾸미기 좋고 
깔끔해서 좋았습니다~!~! 
뷰도 좋고 역이랑 편의점도 근처에 있어서 좋아요!!"
53700,꼼2,5,2021-10-09 15:08:18,"공간 정말 깨끗하고 이뻐요
사진도 정말정말 잘 나와요
물건도 필요한건 거의 다 있어서 좋아요 
잘 이용했습니다"
53689,Xz,5,2021-10-09 11:13:06,제가 여태까지 빌려본 곳 중 너무나도 만족스러운 대여였습니다! 종종 가려구요 .. 주인분도 너무너무 친절하셨습니다 
53661,세진,5,2021-10-08 17:45:19,"직원분도 친절하시고 인테리어도 예쁘고 좋아요 👏
다만 화장실을 어떻게 하셔야할 것 같습니다 🥺
"
53369,선애,4,2021-10-03 20:14:05,파티룸 안이 깨끗하고 전체적으로 괜찮았습니다! 빔프로젝터 사용을 못하여 조금 아쉽긴 하지만😢😢 그리고 특히 직원 분이 정말 착하세요!! 
53361,태태,5,2021-10-03 19:18:23,분위기 좋은 파티룸이에요! 역도 가깝고 바로 아래 편의점도 있어요. 준비된 보드게임도 재밌게 했습니다~
53002,yoooonahan,4,2021-09-28 07:54:48,사진찍기 너무 좋은 공간이었는데 화장실이 냄새나서 제가 직접 청소해서 별 한개 빼요..!
51929,ㅇㅇ,1,2021-09-07 15:12:13,"안내되었던 비품이 구비되어있지 않음, 비품이 고장나 있음, 직원 응대 불친절 (40분동안 스피커랑 씨름한건 전데 왜 저한테 성질을 부리시죠...?), 다음날 오전중으로 환불 받기로 했으나 오후까지 읽씹&안읽씹 및 잠수. 여러번 전화와 문자를 통해 독촉한 결과 환불 받을 수 있었음. 공간이 깔끔하고 자연광이 잘 들어 배달음식 시켜먹고 놀기엔 나쁘지 않을듯."
51592,페어리프,5,2021-09-01 02:43:57,"한 공간에서 게임도 하고 노래도 부르고 영화도 볼 수 있어서 정말 너무 좋았어요! 무엇보다 포토스팟이 있는데, 사진 찍으면 예쁘게 나와서 사진 건져서 가요! 날이 흐려서 살짝 밝기 조절만 했는데 날 좋은 날에 가면 원본도 예쁘게 나올 거 같아요! 다음에 또 방문할게요...🤍"
51379,je****,5,2021-08-28 17:10:49,공간이 너무 예뻐서 브라이덜 샤워 사진이 잘 나왔네요~
50683,네모동긒,4,2021-08-15 17:15:49,편안하게 잘 쉬었어요. 그런데 문이 미닫이이고 따로 잠금장치가 없어 조금 신경써주시면 더 좋을것같아요! 뷰 쾌적하고 좋아요.
50577,모카,5,2021-08-13 18:11:49,시설 좋았습니다:) 이용 피드백이 느린 게 조금 불편했습니다ㅠ 그래도 시설이 좋아서다음에 또 친구들이랑 오려고요 
50352,biinii,4,2021-08-08 21:22:02,깔끔하고 밝고 전체적으로 좋았어요!! 근데 빔프로젝터는 노트북을 챙겨가야 사용할수 있더라구요ㅜㅠ 아쉬웠지만 위치도 좋고 조용해서 잘 놀다 갑니다!
50317,김민선,5,2021-08-08 12:29:14,친구랑 퇴근하고 놀려고 빌렸는데 뷰도 너무 예쁘고 저희만 딱 쓰는 공간이어서 너무 좋았어요! 짧게 빌려서 아쉬운데 다음에는 올나잇으로 빌리고 싶어요. 역도 가깝고 근처에 편의점도 있어서 좋아요❤️
49666,soy,5,2021-07-27 18:34:37,에어컨을 켜도 시원해지는 게 느려서 초반에 아무것도 못했지만 ㅠㅠ (진짜 살인적인 날씨라 더 그런 듯) 하지만 대응을 너무 친절하게 잘 해주셔서 좋았어요! 잘 이용하고 갑니다 ^^ 
49633,라뮤,5,2021-07-26 23:26:25,"전체적으로 깔끔하게 인테리어 되어있어서 사진찍으면 심플하게 잘나왔어요~~ 
화장실도 안에 있어서 이용하는데 편했고요, 파티 꾸밀수 있게 약간의 준비물, 충전이 종류도 많아서 짐을 덜수 있었어요!!"
49572,jooseoon,5,2021-07-26 01:48:10,도착하니 이미 에어컨이 틀어져 있었던 것부터 좋았어요. 인테리어 아기자기하니 예뻐요. 같이 간 친구들도 만족하고 사진도 많이 찍고 여러모로 즐거운 시간 보내다 갑니다. 
49272,서진,4,2021-07-19 21:10:17,사진 그대로였어요! 손씻고 수건이 없어서 조금 불편하긴했지만 재밌는 시간 보냈답니다!! 아늑하고 이뻐용
49098,호이링,5,2021-07-16 19:38:57,"에어컨도 시원하고 위치도 역에서 가까워서 덕분에 편하게 시간보내고 왔습니다 :-)
다음에 기회될때 또 방문할께요 ~!!"
49033,두니두니,5,2021-07-15 17:10:29,면접 상의 관계로 편하게 면접준비도 하고 잘 마칠 수 있었습니다! 공간 넘 예뻐용
48742,쿨쿨,5,2021-07-10 00:08:34,"인테리어와 채광이 좋아서 사진 찍기 좋음, 조용함, 있을건 다 있음, 편의점 가깝고 배달도 잘옴, 호스트의 친절한 대응.
다만 옥탑층이라 복사열때문에 에어컨 켜도 빨리 시원해지지 않음, 화장실 수도에서 첨에 녹물 나옴(좀 있다 괜찮아지긴함), 삼중주차 구조라 수시로 차를 빼줘야 함(대중교통 이용 추천)
회사 모임으로 2시간 이용했는데 대체로 좋았습니다"
48627,jihyee6,4,2021-07-07 18:30:12,"깔끔하고 조용하고 좋았어요 
편의점도 가깝고 배달도 잘되고 아늑하고 좋았어요 에어컨 빵빵하게 틀고 놀수있었어요 아쉬운거 빔프로젝트를 사용을 못했어요 사용설명서는 어디갔는지 없어서 초보자들은 어렵더라고요ㅠ 
그점빼고는 만족스러웠습니다"
48528,조만강,5,2021-07-05 12:32:25,"위치 마음에들고 조용하고 좋았어요
역이랑 가까워서 굿 주변에 편의점도있고 배달되는음식점도 많고 빔프로젝터도 돼요!"
48520,효은,5,2021-07-05 09:20:36,독립적인 공간이라 편하게 사용하기 좋았습니다! 청결하고 호스트분도 친절하셨습니다. 다음번에 합정쪽에서 파티룸을 간다면 또 이용하게 될 것 같습니다 감사합니다!
48409,ㅇ,5,2021-07-02 22:21:55,처음 이용했는데 일단 빔프로젝터가 크게 있어서 영상보면서 신나게 놀 수 있어서 너무 좋았어요! 낮이 아니라서 채광이 아쉽긴 했지만 그래도 만족했습니다! 3시간만 이용해서 시간이 너무 금방 간 것 같아요ㅠㅠ다음엔 더 길게 이용해야겠어요!
48302,잰잰,5,2021-06-30 16:14:26,잘 사용했습니더. 블루투스 스피커가 충전이 다되서 아쉬웠지만 대체적으로 깔끔하고 좋았어요
48226,오세린,4,2021-06-28 22:25:39,깔끔하고 좋았지만 화장실 냄새가 심해서 이용하지 못했어요
48195,나니,5,2021-06-28 12:39:11,쿠킹클래스 촬영에 쓸 수 있는 식기가 많아서 좋았어요
48085,볼빵,5,2021-06-25 21:39:29,"깔끔하고 예상했던 이쁜 공간이였어요!!
덕분에 너무너무 좋은 하루를 보냈습니다:)
기념일에 또 이용하고싶어요!!!"
48045,TryIt,5,2021-06-24 22:26:34,즐거운 모임 즐길 수 있었어요 ㅎ 감사합니다.
47908,Julia,5,2021-06-21 21:40:33,"합정역과 가깝고, 햇살이 좋아서 사진 촬영하기 좋았어요. 다음에 또 방문할게용!"
47725,권수환,5,2021-06-17 18:11:20,깔끔하고 조용합니다. 업무 미팅 진행했는데 건물 고층이라 시야도 좋고 즐거운 분위기속에서 진행할 수 있었습니다. 추천합니다
47559,Hailey,5,2021-06-13 21:36:17,깔끔하고 빔프로젝터도 좋아서 즐겁게 온콘즐겼어요~!
47519,ajin,3,2021-06-12 23:53:49,"당일 예약시간까지 이용안내 연락이 없어서 좀 불안했지만 잘 사용했습니다.
사용후 청소를 강조하는것 같았는데.. 들어갔을때 화장실,냉장고,에어컨냄새....청결하지는 않았어요"
47473,헤송,5,2021-06-12 16:07:36,넘 깔끔하고 아늑했어요! 분위기도 화사하고 건물이 조용해서 좋았어요 또 가고싶어요 ㅎㅎㅎ
47217,진주쨩,5,2021-06-06 20:16:13,왕전완전 추천드랴요!!!🥺💖👍🏻 사진이랑 완전 흡사하고 엄청 깨끗했어요!!! 덕분에 행복하게 생일파티 즐겼습니당
47214,이연주,5,2021-06-06 18:30:04,"공간이 되게 예쁘고 소품도 활용하기 좋았어요 무엇보다 사진이 너무 예쁘게 나오고 서울에서 아주 가성비 갑입니다!!!
요리해먹을수 있는것도 너무 메리트있고 좋네요 ㅎㅎ 친구 생일파티하려고 빌린건데 모두들 아주 대만족하고 갑니다 ㅎㅎ
"
47190,,5,2021-06-06 13:14:14,합정역에서 가까워서 좋구요 (주차도 가능)밝고 화사해서 사진도 잘나옵니다.!!  소품도 그리너리한 소품들이 많아서 잘 사용했어요 ㅎㅎ 
47039,주쨩,5,2021-06-02 11:06:30,창문이 많아서 탁 트인 느낌이예요. 부엌도 깨끗해서 편하게 쓸 수 있었어요. 즐거운 시간 보냈습니다! : ) 
46979,주루주,5,2021-05-31 15:26:09,"장소가 게시된 사진과 거의 일치했어요!감성적인 영상을 찍으려고 대여했는데, 가구,식물 데코,커튼,뷰 등 분위기가 좋아서 전반적으로 너무 만족스러웠습니다. 빔프로젝트도 잘 작동했고, 식기류들도 비교적 깨끗하게 구비되어 있었습니다! "
46933,박세영,5,2021-05-30 19:30:05,"장소가 너무 예뻐서  즐거운 시간 보낼 수 있었습니다! 깔끔하고 예쁘네용!! 
사진찍기 너무 좋아요^^"
46743,배우이은비,4,2021-05-26 15:38:35,"아늑하고 따뜻한 분위기가 좋았어요 
다만 화장실냄새가 좀 힘들었어요ㅠ"
46615,니냥냥,5,2021-05-23 17:53:34,"깔끔하고 너무 좋았어요 
공간도 넓고 앉을 자리도 넉넉하구 
짧은시간 이용해서 아쉽네요  
다음에도 대여할일있으면 또 할거같아요 !!"
46432,생각겹침,5,2021-05-19 21:52:24,"사진이랑 똑같아요
너무 예쁘고 채광 좋고 깔끔하고 좋았어요!!
친구들도 전부 마음에 들어했어요~!
또 이용하고 싶어요^^"
46334,,5,2021-05-17 20:36:27,"브라이덜 샤워 하고 왔어요!
햇빛이 예쁜 것 같은 숙소라 비가와서 걱정했는데
비 오는 것도 너무 예쁘더라구요
창이 사선으로 나있어서 좋았어요
소품들 다 예쁘고 그래서 사진도 잘 찍고 왔어요!"
46274,기발한하마,5,2021-05-16 19:22:00,"엄청 깔끔하고 공간도 생각했던거보다 더 넓은 것 같아서 이용 잘 하고 갑니다!!
다음에 또 이용할 것 같아요!"
46107,최인영,5,2021-05-13 12:01:48,너무 깨끗하고 건물위치도 역이랑 가깝고 좋았어요!! 또 오고싶어요 :)
45972,서예원,5,2021-05-10 20:32:33,두번째로 이용하게 됐는데 너무 편하고 좋았어요!! 다음에도 또 이용하고 싶어요 ㅎㅎ 
45907,,4,2021-05-09 12:33:29,깔끔하고 분위기가 좋아서 내내 사진 찍고 편하게 즐겼습니다~ 블루투스 스피커 충전기가 연결이 고장난거 같은데 그 부분만 확인되면 더 좋았을거 같아요~
45842,송주희,5,2021-05-07 22:55:04,잘 사용했습니다! 편하게 사용했어요~
45801,소현,5,2021-05-07 02:38:24,"너무 좋았습니다! 와이파이 끊김없이 정말 빠르고 스피커, 마이크, 빔프로젝터 모두 준비되어 있어 편했습니다! 근처에 편의점도 가까워서 좋았구요!편하게 사용할 수 있어 좋았습니다!!"
45708,nevaeh,5,2021-05-04 22:51:20,"공간이 생각했던 것보다는 작았는데, 놀다보니 전혀 공간크기가 신경쓰이지 않았고 오히려 넉넉하다고 느껴졌어요! 그리고 비가 오는 날이라 예시사진처럼 맑은날의 채광을 느껴볼 수는 없었지만, 마치 아지트처럼 포근한 기분으로 친구 생일파티를 즐길 수 있었어요ㅎㅎ빔프로젝터, 블루투스 스피커, 루미큐브 같은 보드게임도 있어서 재밌게 잘 보낼 수 있었습니다~"
45572,핑크세옥,5,2021-05-02 10:17:53,깨끗한 시설에 그릇이나 컵 등이 충분하여 매우 좋았습니다. 허나 출입문이 고장이 났는지 수동으로 해야하는 점 불편했네요. 
45546,쑨쑨,5,2021-05-01 17:51:26,깔끔하고 쾌적해서 넘 기분이 좋았어요~ 덕분에 즐거운 생일파티 하고 갑니다^^!
45470,서희,5,2021-04-29 21:46:28,전체적으로 깔끔하고 없는게 없어요!특히 화장실 진짜 깔끔하더라구요!인테리어도 이쁘고 분위기도 좋았습니다ㅎㅎ 편하게 잘 놀다갑니당:)
45423,메리,5,2021-04-29 07:33:58,친절한 안내 좋았고 전부 사진에 나와있는 그대로에요! 지리적 접근성이 너무 좋아서 다시 이용하고 싶어요
45416,성으니,5,2021-04-28 22:16:08,공간이 예쁘고 안락해서 너무 좋았습니다! 친구 생일파티 장소로 완벽했어요☺️
45336,ann0520,5,2021-04-26 22:16:37,사진그대로 깔끔하고 아담한공간이었어요👍🏻
45313,유니,2,2021-04-26 11:12:02,사진과 같은 분위기는 맞아요 하늘이 이뻐서 커튼을 치고 싶었는데 유리창이 너무 지저분했고 화장실에 손 세정제로 다 쓴 게 덩그러니... 손을 못 씻어서 찝찝... 화장실도 냄새가 너무 심해요.. 분위기만 보고 가신다면 괜찮을 것 같아요.. 하지만 8만원 내고 또 오고 싶진 않아요
45155,crisxt20,5,2021-04-22 02:29:22,"생각보다 밝아서 촬영 더 예쁘게 나온 것 같아요. 다시 이용하고 싶어요 
감사합니다"
44839,옥부인,4,2021-04-14 18:18:07,"오전근무후 친구들과 모여서 
넓고 편안하고 우리끼리모여 안전하게 
먹고 이야기 하면서  오후시간을 보낼 수 있는공간이었어요!  지하철에서 찾기 편하고 가까워서 좋았습니다!  빔프로젝트도 있어서  가지고온 노트북으로 영화도 볼수있어 좋았습니다!"
44838,옥부인,4,2021-04-14 18:18:07,"오전근무후 친구들과 모여서 
넓고 편안하고 우리끼리모여 안전하게 
먹고 이야기 하면서  오후시간을 보낼 수 있는공간이었어요!  지하철에서 찾기 편하고 가까워서 좋았습니다!  빔프로젝트도 있어서  가지고온 노트북으로 영화도 볼수있어 좋았습니다!"
44828,sjyou,5,2021-04-14 11:43:35,"파티룸이 너무 깔끔했고 합정역과도 가까운 위치여서 좋았고, 주변에 다른 식당들도 많아서 포장해서 먹기 너무 좋았어요. 무엇보다 빔 프로젝터로 즐거운 시간 보냈던 거 같아요. 잘 이용하고 갑니다!"
44802,mieli,5,2021-04-13 17:20:51,"3명 소규모 워크샵 목적으로 예약했는데 장비들이 잘 구비되어 있고 공간도 쾌적해서 너무 좋았어요! 각자 노트북 써야하는데 적재적소에 멀티탭이 있었고, 빔프로젝터도 굉장히 잘 동작하더라고요. 특히 빔프로젝터랑 노트북이랑 USB-C로 연결할 수 있어서 너무 편했어요. 다음에도 워크샵할 때 이곳으로 이용하고 싶어요."
44629,김성지,5,2021-04-09 20:58:53,쾌적하고 감성적인 공간인데 가격까지 저렴해서 너무 좋았습니다. 보드게임도 있어서 시간 보내기 좋습니다. 화장실에선 다소 냄새가 났지만 싱크대 밑에 향수가 있어서 그거 뿌리니 괜찮았습니다. 다음에도 또 올 것 같아요.
44569,HP5,5,2021-04-08 10:41:24,좋은 환경에서 잘 사용하고 갑니다. 방해 받지 않고 저희만의 시간을 잘 가질수가 있어서 좋아요~~
44519,윤성빈,5,2021-04-06 21:59:09,들어가자 마자 쾌적해서 기분이 정말 좋았어요! 빛 잘 들어서 이런 집에 살고 싶다고 생각했습니다 ㅋㅋㅋ 깔끔하고 테이블도 넓고 넘 좋았어요! 다음에 꼭 다시 이용하고 싶어요 ~!
44292,소현,5,2021-04-02 00:51:09,조용하고 이용하기가 너무 편했습니다! 밤 시간에 이용했는데 바깥 풍경들도 생각보다 좋았고 내부에 있는 물건들이 전부 깔끔한 편이라 좋았어요! 직원분께서 이용에 도움을 많이 주셔서 정말 좋았고 잘 즐기고 갈 수 있었습니다!빔 프로젝터 정말 잘 보이고 사용하기 쉬웠습니다! 와이파이도 끊김없고 좋았네요! 다음에는 더 여러명이서 더 긴 시간 이용해보려고 합니다!
44262,HP5,5,2021-04-01 13:05:38,깨끗하고 분위기 좋고 사진촬영하기 좋아요^^ 조명과 인테리어도 굿~
44127,noorioh,5,2021-03-29 12:16:01,"친구들이랑 함께 온라인 콘서트 보려고 이용했는데 너무 좋았어요!
100인치 HDMI가 정말 어후 화질도 너무 좋고! 블루투스 스피커도 다 준비되어있어서 너무 신나게 콘서트 즐겼네요ㅠㅠ
내부 시설 굉장히 깔끔하고, 난방시설도 잘 갖춰져있어서 편하게 사용하다 갑니다❤️"
44042,수정,5,2021-03-27 22:24:04,"밤되니까 더 이쁜곳...!
잘 이용하다 갑니다 ㅎㅂㅎ"
44031,giddong2,5,2021-03-27 19:28:10,"브라이덜 하기에 너어무 최적...
천장이 조금 낮고 
물샌? 흔적 있어서 좀 아쉬웠지만 ㅠㅠ
정말 즐거운 시간이엇숨니다
블루투스 스피커 연결방법 써있었으면 좋았겠다 해써욤
깔끔하고 있을 것 다 있고!
그릇도 예쁘고 인테리어 소품도 굿굿"
43911,워니니,5,2021-03-24 21:34:50,탁트인 뷰가 좋았어요 답답하지 않은게 최고의 장점 깨끗하고 물품도 완벽히 구비되어있습니다 감사합니다
43676,지니,5,2021-03-20 00:52:32,"깔끔한 장소! 적당한 크기!
촬영. 식사 목적으로 방문했는데 너무 깔끔하고 이뻐서 놀랬어요~
엘리베이터도 있지만 5층까지니 1.5층 정도 올라갈 생각은 하셔셔야합니다~
그래도 화이트 톤의 깔끔한 무드와 화장실이 안에 있어 편하게 이용했어요~
감사해요~!"
43622,민정,5,2021-03-18 22:18:06,장소도 예쁘고 호스트분도 친절하셔서 기분좋게 잘 사용하고 갑니다 :)
43532,김창민,5,2021-03-16 01:09:27,분위기 완전 좋고 좋은 공간 대여 해주셔서 감사합니다.
43429,포토모데리,5,2021-03-13 23:28:18,너무 좋은 공간이였습니다 밖에 도 너무 예쁘고 왠만한 편의시설이 다 있어서 요즘같이 코로나가 유행하는 시기에 둘만의 행복한 시간을 가질수있는 낭만적인 곳이였습니다 앞으로도 자주 이용할 것 같습니다. 우리들의 아지트라고 생각할만큼 편안하고 아름다운 곳입니다 제 후기를 믿고 이용하시면 후회하지 않으실꺼예요!!!
43393,강예린,5,2021-03-13 09:32:27,공간이 너무 예뻐요! 사진 찍었을 때 특히 예쁘게 나와서 만족 했습니다^^ 보드게임도 있고 웬만한 조리도구도 있어서 시간 가는줄 몰랐네요~ 역에서도 가깝고 근처에 마트랑 편의점도 가까워요! 추천 드립니다~
43377,솜솜,5,2021-03-12 19:52:23,"벌써 몇 번 이용했어요!  여기만큼 좋은 가격에 편하게 쉴 수 있는 곳이 없는 거 같아요! 큰 스크린도 있어서 영상 보기두 좋구요! 낮에 오면 촬영 장소로도 이용하기 좋을거 같아요~ 친구들이랑 잘 쉬고 돌아왔습니다! 다음에 또 이용할게요:) 
"
43301,HP5,5,2021-03-10 23:27:41,깨끗하고 모임하기 좋은 장소에요. 지하철역에서도 가까워요~ 
43284,이제훈,5,2021-03-10 17:19:25,"다 좋고 마음에 들었어요ㅎㅎ너무 좋았어요 다들 여자친구랑 소소한 여행 아닌 행복을 느끼구 싶으시다면 추천합니다!! 
개인적으로 굉장히 마음들었고 군대전 소확행 쌓구 갑니다 감사합니다 :-)"
43225,도리 ,5,2021-03-09 04:04:32,전에 한번 방문해보고 좋아서 이번에 두번째 방문이예요!! 채광도 엄청 좋고 인테리어도 예쁜데다 빔프로젝트가 있어서 친구들과 놀기 좋아요 그리고 굉장히 깔끔해서 좋습니다 다음에 또 파티룸 빌릴 일이 있으면 재방문 할게요 ㅎㅎ
43197,으컁,5,2021-03-08 15:43:25,"깔끔하고 사진이랑 같아서 좋았어요~
햇볕이 잘들어서 사진도 잘나오더라구요
오늘같이 날씨좋은날엔 정말 좋을것같아요"
43180,릭코,4,2021-03-07 23:40:45,"올해도 실망시키지 않는군요!
제품 촬영하러 가서 너무 좋은 결과물를 얻고갑니다!
단 단점이 에어프라이랑 전자렌지가 너무 지저분 해서 ㅠ 전제렌지를 사용멋하고 에어프라이기도 저희가 닦아서 사용했는데 오래 안닦아서 그런지 이물질이 잘 안닦었습니다
이건 빼곤 완벽합니다^^"
43031,감귤,5,2021-03-03 22:13:23,3명이서 사용했는데 작지도 크지도 않고 딱 좋았어요! 무엇보다 처음 입실할 때 바닥이 따듯해서 좋았어요! 기회가 된다면 또 이용할게요~
43006,ㅎㅎ,5,2021-03-03 11:24:21,친구랑 둘이 편하게 놀 수 있는 공간을 위해 예약했는데 사진 그대로 분위기도 너무 좋고 전부 깔끔해서 너무 좋았습니다! 햇빛도 잘 들어오고 아늑해서 친구랑 다음에 또 오기로 했어용ㅎㅎ 문의사항도 빠르게 답변해주셔서 너무 감사했습니다~
42970,이수연,5,2021-03-02 14:08:51,"아담하니 아늑하여 시간대비 만족합니다 
무엇보다도 저렴한 가격에 잘 이용했습니다."
42900,지우,5,2021-02-28 20:22:59,방이 쾌적하고 화장실도 온수 잘나와서 너무 만족스러웠어요. 미리 난방 틀어주셔서 따뜻했어요ㅎㅎ 다음에 또 기회되면 이용하겠습니다~~
42813,yenny09,5,2021-02-26 20:54:35,너무 깔끔하게 되어있고 없는거 없이 다 구비되어있어서 좋았습니다!! 햇빛도 이쁘게 잘 들고 4명이서 사용했는데 널널하게 사용할 수 있는 크기였어요 이용방법도 상세히 알려주시고 소통도 빠르게 이루어져서 편안하게 이용할 수 있었습니다👍👍 다음에 또 이용할 일이 있으면 이곳으로 오고싶은 곳이에요  디자인도 이뻐서 모두들 만족하고 사진도 건졌습니다✌️
42792,shirl,5,2021-02-26 13:34:08,"분위기도 너무 좋았고 인테리어도 깔끔하고 예뻤어요 정리시간 때문에 양해를 구했는데 배려해주셔서 너무 감사했어용 위치 접근성도 좋고 가격도 저렴한 편이라 앞으로도 이용할 일이 생기면 여기 올 것 같아요!
 "
42743,Hyejin Pyo,5,2021-02-25 09:03:07,장소가 너무 이쁘고 좋아요. 또 방문할거 같아요~
42738,신니,5,2021-02-25 00:03:48,"낮 시간 때에 예약을 해서 그런지 채광이 너무 잘되고 따스한 분위기가 좋았어요 ••! 인덕션, 에어프라이어, 스피커, 보드게임 등등  너무 완벽하게 준비되어있는 공간이였고 인테리어도 아늑하게 디자인되어 있어서 놀기에 딱 적합한 곳이였어용 근처에 편의점도 있어서 편리했답니다 다음에도 여기로 또 올 것 같아요 덕분에 잘 놀다가 갑니댱 🤍"
42613,rkm93,5,2021-02-22 02:52:08,"스페이스T 파티룸이 올려져 있는 사진처럼 매우 깔끔하고 분위기도 있습니다.
고층에서 창을 통해 보는 뷰도 이상적이고
안에서 촬영도 하고 놀기도 하는데 소음이 문제가 될거라 생각 했는데 방음도 잘 되어 매우 만족을 했습니다.
사진은 따로 찍지 못하여 첨부를 못한것이 아쉽고 다음에 또 이용을 할 것 같습니다."
42593,쭈쭈마마,5,2021-02-21 18:46:37,사진처럼 이뻤어요!! 햇살도 잘들어와서 사진도 너무 이뻤구요~ 근데 화장실 냄새가 와우..... 깜짝 놀랐어요...풍선펌프도 있구 냉장고랑 청소기도 있어서 괜찮았어요! 합정역 바로 뒤여서 위치도 좋아요~
42473,앵즉,5,2021-02-18 18:52:20,공간도 깨끗하고 식기도 예쁘고 잘 쉬다 갑니다 !! 
42348,윤예린,5,2021-02-16 08:08:57,"너무 깔끔하고 분위기도 좋았어요 ◡̈ 
근데 아이폰 충전기가 고장난 거 같더라구요 ㅠㅠ 그 점은 조금 아쉬웠습니당 ㅠㅠ"
42288,김재연,5,2021-02-14 21:47:57,깔끔하고 너무 예뻐요 *^^* 식기들도 예뻐서 좋아요! 3-4명이 놀기 딱 좋아요! 낮보다 밤이 더 예쁜거 같아요 ㅎㅎ 
42280,유단비,5,2021-02-14 17:23:57,"너무 이쁘고 시설도 깔끔하고 좋네요ㅠㅠㅠ 
생일파티 너무 잘하고 갑니다~!"
42217,뀨구구,5,2021-02-11 22:28:19,아늑하고 좋앗어용!! 역에서 가까운것도 조았고 분위기도 조앗네용 빔프로젝터 관련으로 호스트님한테 귀찮게 굴었는데... 죄송합니당ㅎㅎ.. 담에 또 이용할게요~~
42044,앙예,5,2021-02-07 13:22:52,"불금에 복잡한 합정에서 프라이빗하게 놀기에 딱입니다. 코로나 시국이라 딱 좋았어요.
바닥이 따뜻해서 좋았고 순백의 깨끗한 느낌은 아니지만 아늑하고 놀기에 딱입니다!
분위기도 괜찮고 저녁 해질 때 즈음 방문했지만 낮에 채광받으면 더 예쁠 것 같아요.
먹을 거 먹고 수다 떨며 보드게임 루미큐브까지 했습니다. 생각없이 하는 할리갈리나 다빈치코드는 없어서 아쉽ㅎㅎ"
42028,이니,4,2021-02-07 01:32:24,"생각보다 작았지만 따뜻+아늑+깔끔했어요 :-) 주변이나 옆방(?)걱정없이 놀 수 있는 것도 장점인거 같아요ㅎㅎ 
큰 창으로 빛이랑 바람 들어오는것도 좋구요. 식기들도 걱정했었는데 종류대로 다 있었구 ... 놀거리도 많아서 다섯시간이 어떻게 가는지 몰랐네요! "
41919,김신우,5,2021-02-04 21:10:23,"영상 촬영 용도로 대관했는데 만족스러웠습니다. 주차공간과 엘리베이터가 있고, 보드 게임도 구비되어있어 사적인 모임 장소로 이용해도 좋을 것 같아요. 다만 카톡 응대가 약간 느릴 때가 있고, 오전에는 아래층 사무실 출근 태그 찍는 소리가 들려요. 방음이 완벽히 되지는 않아서 영상 촬영 용도라면 약간의 소음은 감안하셔야 할 것 같아요. "
41224,wan9307,5,2021-01-20 10:31:25,"자연광도 잘들고 이쁜접시 많았어요 ㅎㅎ
푸드연출샷 잘찍고가요~~"
41223,ruha,5,2021-01-20 10:25:22,공간 분위기가 전체적으로 따뜻하고 사진 보고 찾아가면 생각보다 좁은 느낌이 들 때가 많은데 이곳은 촬영에도 적합한 넓은 공간이었습니다. 저희는 만들기 촬영이라 그런지 따뜻하고 아기자기한 분위기랑 딱 어울렸어요~ 시간 계산을 잘못해 연장도 두 번이나 했는데 매번 친절하게 답장 주셨습니다. 촬영 잘 하고 갑니다. 감사합니다!
41202,Winnie,5,2021-01-19 19:25:39,추운 겨울에 미리 보일러도 틀어주시고 히터도 들어주셔서 들어가자마자 몸이 녹아서 촬영하기가 너무 좋앗어요 :) 채광도 너무 잘들고 사진에서 보는거랑 똑같고 자연광도 잘들어와서 완전 예뻤어요!
41175,어어어스,5,2021-01-19 02:04:12,공간이 너무 이뻐서 영상 촬영하는데 너무 좋았어요!! 다음에 또 이용할게요~! 완전 강추!
41043,,5,2021-01-16 15:35:21,"깔끔하고 난방도 아주 잘되고 너무 좋아요 
분위기도 좋고 덕분에 촬영 아주 잘 했습니다 
감사합니다 ㅎㅎㅎ 
나중에 가능해지면 친구들과 함께 
놀러도 가고싶습니다 ㅎㅎㅎ "
40957,동동이,5,2021-01-14 14:00:37,깔끔하고 예뻐요! 채광도 진짜 좋고 밝습니다 ㅎㅎ 난방도 미리 켜주셔서 따뜻하게 잘 이용했습니다 :)
40864,김지수,5,2021-01-12 12:01:05,이용시간 전부터 난방을 따뜻하게 틀어주셔서 따뜻하게 이용할 수 있었습니다☺️ 창문이 넓어 빛이 잘 들어와서 밝고 어떤 사진을 찍어도 잘 나오더라구요! 만족해서 시간까지 연장해서 잘 이용하고 왔습니다🥰
40074,odsacxdms,5,2020-12-22 19:10:17,너무 예쁘고 청결했어요! 덕분에 친구들이랑 좋은 시간 보냈습니다~다음에 또 이용할게요!
40019,나시고랭,5,2020-12-21 15:05:27,"밖에서 만나기 걱정되는 요즘 친구들과 약속 자리가 있어서 이용 이틀 전날 급하게 예약했는데, 너무 만족스러웠어요! 우선 연말에다 주말 저녁이다 보니 웬만한 파티룸은 올나잇 패키지에 기본 30만원이 넘어가는데, 저렴한 가격에 좋은 공간 잘 이용하고 온 것 같습니다. 사진이랑 똑같이 예쁘고, 낮에 창 밖 뷰 보며 이용해도 좋을 것 같아요 :)"
39996,khj3758,5,2020-12-21 11:17:09,"날씨가 좀 추워져서 파티룸도 춥지 않을까 걱정했는데 방바닥이 너무 따뜻해서 춥다는 생각은 들지 않고 잘 이용했습니다.
무엇보다 깔끔하고 뷰가 예뻐서 친구들과 좋은 추억 만들었습니다.
밤보다는 해가 들어오는 낮이 더 예쁜 것 같아요.  위치도 좋고 다음에 친구들과 다시 이용할 예정입니다. ◡̈ "
39852,하나언니,5,2020-12-19 11:25:45,공간 너무너무 이뻐여..!!! 통유리창에 햇빛도 너무 잘 들어오고 63빌딩도 보이구 일몰도 이쁘고 ㅜㅜ 인테리어도 넘넘 깔끔하구요!! 방도 따수워요!!! 무엇보다 역이랑 가까워서 넘 좋아여!!!!
39792,SKK,4,2020-12-18 10:21:35,"우풍이 좀 있지만 난방이 잘되어서 따뜻하게 잘 이용했습니다
"
39770,슉슈,5,2020-12-17 19:16:48,"창이 커서 채광도 좋고, 
시설도 깨끗해서 맘편하게 친구들이랑 놀았어요 :) 다음에 또 올 것 같아요! "
39577,후후,5,2020-12-14 10:50:10,테이블도 넓고 소파도 푹신푹신해서 좋았어요! 보드게임도 재밌게 했고 담요도 크고 따뜻해서 춥지 않게 지냈습니다. 식기랑 수저 젓가락도 다 있고 배달도 이용가능해서 좋았어요!! 다음에도 또 예약할 의향 있습니다☺️
39571,,5,2020-12-14 10:04:48,예약하고 이용수칙이 잘 정리된 카드가 있어서 오해없이 잘 이용하다 나왔어요. 이 시국에 친구들이랑 중요모임을 할 수 가없어서 급히이용 했는데 깔끔하고 이쁘고 즐거웠습니다 ☺️ 들어오자마자 두툼한 옷을 걸어둘 곳도 있고 푹신한 소파도 있고 책상위에 소독및 세정제가 딱!!👍🏻 프로젝트도 카드보고 손쉽게 써서 영상보고 놀다왔어요:) 감사합니다
39503,사리,5,2020-12-13 11:50:16,"깨끗하고 따뜻해서 너무 좋았어요!! 조명도 예쁘고 와인잔이나 접시들도 다 예뻤어요~
파티룸 가게된다면 고민없이 다시 예약할거같아요ㅎㅎ"
39329,서경,5,2020-12-10 15:49:07,"소독도 꼼꼼히 해주시고 소독제, 물티슈 모두 비치 되어있어 이용하는 동안 안심할 수 있었습니다! 위치도 좋고 공간도 예뻐서 좋은 시간 보냈습니다."
39253,희선,5,2020-12-08 21:00:54,"아늑하고 소규모로 놀기에 좋았어요! 거기 있던 루미큐브랑 원숭이게임도 재밌게 했어요!! 창문이 커서 환기도 잘 되고, 입실 전에는 소독도 해주셨다고 해서 맘놓고 있었어요! 화장실에서 냄새는 조금 났지만 큰 문제가 되진 않았어요~ 밤에 불 하나만 키면 분위기 있고 예뻤어요!! "
39117,뭉띵,3,2020-12-06 08:44:21,"공간자체는 가성비좋고 너무 예뻤어요
바닥에 난방도 들어와서 하나도 안춥고 따뜻했어요
근데 소통이 잘 안되는것같아 별2개깎았어요 한달전부터 코로나관련,
애견동반 관련 등 문의를 여러 개
드렸었는데 답변이 오지않아서 답답했네요"
39082,온코치 김서현,5,2020-12-05 16:14:44,"7층에 우리 파티룸만 단독으로 있어서, 정말 좋았고요. 바닥이 따뜻하고 인테리어도 예뻤어요 ㅎ 친구들과 편하게 있다가 갑니다 ^^*"
38973,macy006619,5,2020-12-03 16:13:14,"인테리어도 좋고 재밌게 놀았습니당!
코로나라 이런데서 노니까 좋은거 같아용"
38896,꾸미,5,2020-12-01 18:13:10,친구들과 생일파티하기 딱 좋았어요ㅎㅎ 내부 깔끔하고 사진도 잘나오고 추천합니다!
38728,문문,5,2020-11-29 13:15:46,"토-일 주말로 다녀왔는데 파티룸 가격도 적당했고 가성비도 최고였어요! 근처에 바로 편의점이 있고 역이랑도 가까워서 좋았습니다. 파티룸 내부에는 에어프라이기를 비롯해 여러 가전 제품들이 있어서 취사도 가능했구요ㅠㅠ아 그리고 보드게임, 빔 프로젝터, 마이크 등등 여러 오락기구도 있어서 진짜 빈손으로 가도 행복한 파티를 할수있습니다ㅠㅠ감사합니다!"
38508,dldusw****,5,2020-11-26 00:43:44,"친구들과 모여서 시간보내기 너무 좋은 공간이에요!
아기자기 소품도 이쁘고 깔끔해서 좋았습니다
다음에 기회되면 또 이용하고 싶어요"
38484,bele2ring,4,2020-11-25 19:12:33,"깔끔하고 편리한 장소였습니다
사진도 잘 나오는 이쁜 장소였어요~"
38414,서우,5,2020-11-23 22:24:00,친구들이랑 생일파티했는데 이쁘고 깔끔한 공간에서 재밌게 놀았어요 😊😊 재방문 의사 있어용 :)
38295,권지영,5,2020-11-22 10:17:23,"방 예쁘고 깔끔하고 좋았습니다 !
덕분에 파티 분위기 제대로 즐기고 갑니다"
38287,콩2,5,2020-11-22 04:27:21,내부가 깔끔하고 파티하기 좋아요! 저는 조용한 공간이 잠깐 필요해서 빌렸는데 전망도 좋아서 혼자 행복해했답니다... 좋은 공간 감사합니다~
38241,땅호,5,2020-11-21 17:15:10,"합정역에 예쁜 파티룸이 있다는 소식에 서둘러 예약하였는데, 사진과 동일하게? 더 예쁘게 꾸며져있어서 백퍼센트 만족이었습니다. 뷰도 좋았고, 실내분위기, 채광도 만족스러웠습니다. 잘 쉬다갔습니다~사장님ㅎㅎ!!"
38216,아루,5,2020-11-21 10:30:03,편의점이랑 지하철역 너무 가까워서 좋았어요!! 시설도 깔끔하고 바닥도 따뜻하고 뷰도 좋았습니다 덕분에 친구들이랑 즐거운 시간 보낼 수 있었어요 감사합니다~!
38019,wldbs454,5,2020-11-17 19:24:47,친구들이랑 편하게 수다떨수 있고 따뜻한 분위기여서 좋았습니다. 지하철역이랑도 가까워서  자주 이용할 수 있을꺼같아요 ㅎㅎ 
38001,woncin0728,5,2020-11-17 14:40:35,"미디어 시설도 잘 갖춰져있고, 공간도 널찍하니 좋았어요. 뷰와 자연광이 굉장히 예뻐서 쾌적하게 사용했습니다.
재사용 의사 있습니다."
37932,cutty7087,5,2020-11-16 12:58:25,"편의점 가깝구, 역이랑도 되게 가까워서 좋았던것같아요ㅎㅎ 아늑하구 조명도 예뻐서 사진도 잘나와요!! 빔프로젝터도 있어서 분위기 있게 영화도 볼 수 있고ㅠㅠ 좋은시간 보냈습니다!ㅎㅎ"
37873,김소림,5,2020-11-15 16:20:23,우선 홈플러스에서 장을 보고 갔는데 가까워서 좋았구요 역이랑도 가깝고 근처에 편의점도 있어서 접근성 하나는 최고네요! 집같은 느낌이라 안락하고 분위기도 좋아요~ 다만 인덕션이 한구라 요리 하기에는 조금 불편해요 
37664,김진혁,5,2020-11-11 18:38:47,"이쁘고 깔끔하고 가성비까지 좋은 파티, 회의실. 창작 프로젝트 회의를 위해 공간을 찾다가 이용해봤는 데 너무 깔끔하고 좋아요. 명까지는 식기구도 매우 충분하고 자리도 좁지 않아요. 가격도 착하고 인테리어도 이뻐서 그냥 포토스튜디오로 사용할 수도 있겠어요. 통창은 아니어도, 창 자체가 크고 창틀은 커튼 가리면 패션도 충분히 가능! 강추합니당. "
37574,박한별,2,2020-11-09 11:04:50,"보이는 곳만 깨끗한 느낌이였어요.
구석이나 선반아래 눈에 띄지 않는 곳에 먼지들이 뭉쳐있었어서 좀 보이는 곳만 신경쓰는것이 아니라 눈에 띄지 않는 곳도 청소를 신경써써 해주시면 좋을꺼같아요.
솔직히 많이 깼네요.."
37555,설or,5,2020-11-08 21:04:54,깨끗하고 밝아서 파티룸 자체는 다 좋았어요!! 손소독제랑 담요 구비되어 있고 쇼파가 편합니다. 다만 다른 후기들에 써져있는것처럼 화장실에 냄새가 좀 납니다 ㅠㅠ 재이용의사 있습니다 :)
37524,jrlee,4,2020-11-08 15:27:17,햇볕이 잘 들고 깔끔하고 예뻐서 친구들과 즐겁게 시간보냈습니다.  화장실은 조금 냄새가 나서 이용하기 불편했지만 분위기도 좋고 나머지 시설들은 다 만족스러웠습니다. 
37459,Tjdud,5,2020-11-07 10:04:42,친구 생일 파티 때문에 예약한 곳인데 너무 아늑하고 깔끔했어요! 사실 전에 항상 예약하던 곳이 있었는데 여기가 훨씬 더 괜찮고 깔끔해서 다음부터는 무조건 이곳으로 오자고 약속했답니다 호스트분도 되게 친절하셨어요! 감사합니다!!
37430,lkj5057,4,2020-11-06 17:44:57,채광도좋고 사진도 잘나오고 좋았습니다😀
37291,허니꿀쨈,5,2020-11-03 11:57:13,"합정역이랑 가깝고 근처에 홈플러스, 편의점 등 편의시설이 있어서 좋습니다. 인테리어와 식기류 등도 구비되어 있고 간단한 보드게임도 있어서 지인들과 재밌는 시간을 보냈습니다. 빔프로젝터와 스피커가 아주 좋아서 생일파티와 컴백기념 파티가 아주 흥이 넘쳐 흘렀습니다!
몬스타엑스 러브킬라 많관부!"
37219,얄라리,5,2020-11-02 00:47:31,"햇살 잘 드는 낮에 오면 더 예쁠 거 같아요~ 
조명도 밝아서 사진도 예쁘게 나오더라구요! 잘 이용했습니다 :)"
37152,노팬,5,2020-11-01 01:56:58,이것저것 계속 늦게까지 물어봤는데 친절하게 답해주셨어요~~~ 조명이 셀카찍기 좋음! 역과 가까워서 좋아욯ㅎ 늦잠 자다가 퇴실시간이 조금 늦어졌는데 봐주셔서 감사해용 ㅎㅎ(원래는 안됨.^_ㅠ) 
37093,오니,5,2020-10-31 10:17:18,"넘 즐겁게 잘 놀다왔습니다!
공간도 예쁘고, 무엇보다 다 갖춘 곳이라서 정말 좋았어요.
빔프로젝터랑 식기류, 냉장고, 스피커 등 파티할 때 너무 잘 사용했습니다.
한가지 아쉬운 점은 화장실이 다른 공간에 비해 조금 낙후된 느낌이 드나 그래도 이용하는데에는 별 문제 없었어요!
다음에도 기회가 된다면 이용하고 싶어요."
37001,솜솜,5,2020-10-28 23:16:36,"친구들이랑 파티하기 좋아요.
식기도 있어서 편하구요. 친구들이랑 요새 나가서 먹기 불편한데 편하게 잘 쉬다갑니다.
다만, 휴지가 없는게 아쉬웠어요ㅜㅜ
"
36977,차누,5,2020-10-28 12:28:00,"너무 재밌는 시간 보냈습니다!
코로나 시대에 더욱이 좋은 장소 인 것 같고요! 소품들도 아기자기하고 분위기도 너무 좋아서 술이 코로들어가는지
입으로 들어가는지 분위기에 취하는
하루였습니다!!"
36917,즈흐이,5,2020-10-26 20:14:31,"플라워 클래스로 두 번째 이용인데 늘 만족하고 갑니다
감성샷 건지기 넘 적합하고 아늑해서 파티하기도 좋을 것 같아요!"
36864,조이,5,2020-10-25 22:12:39,"깔끔하고, 예쁜 공간이에요! 편하게 모임흐디 좋았습니다~"
36817,Sarah,5,2020-10-25 13:18:10,"예약부터 이용까지 간편했어요 :)
사전 요청드린 부분도 배려해주셔서 감사했습니다 다음에는 패키지로 이용해보고 싶네요!"
36806,맛찌,4,2020-10-25 10:17:48,시설자체 다 좋았으나 화장실에 휴지가 거의 없어서 아쉬웠습니다 ㅜ 그리고 마이크도 안되는건지 저희가 할줄 모르는건지 못했어요 ㅠㅠ 재방문의사 있을정도로 좋아요!! 
36640,다다,4,2020-10-21 09:10:22,"우리가 챙긴건 딱 술이랑 배달음식. 나머지 사진에 식기와 와인잔 모두 제공하는 건데  일단 식기가 파스텔톤 인스타감성 + 라탄 의자 + 곳곳에 식물까지 사진찍기 최적. 보드게임도 5-6종류?있어서 알차게 놀았어요. 다음엔 에어프라이어로 간편요리해도 될 것 같고, 이동식 인덕션 있어서 스튜나 나베류 먹어도 좋을거 같아요ㅠ 재방문의사 100%"
36507,길구봉구,5,2020-10-17 11:55:16,사진 그대로 공간이 너무너무 예쁩니다. 창문이 크게 탁 트여있어서 문 열어놓으면 너무 시원하구요! 보드게임도 구비되어있어서 재밌게 놀았습니다. 좋은 추억 만들어갑니다:)
36429,mly,4,2020-10-14 17:30:22,"합정역과도 매우 가깝고! 
공간이 너무 감각적이고 이뻤습니다
창문들이 크고 햇살이 잘 들어와서 시각적으로 너무 마음에 들었고 사진도 너무 잘나왔습니다! 그리고 의자도 너무 편하고 따스해서 잘 머물렀습니다.
보드게임도 4가지정도 준비되어있어 즐겁게 즐겼습니다!"
36343,yosa,5,2020-10-12 15:41:19,공간도 깔끔하고 자연광도 잘 들어와서 촬영 잘하고 갑니다- 다시 올땐 파티용도로 오고 싶네요 
36313,굿스타,4,2020-10-12 00:24:50,"<장>
합정역과 가까워서 교통이 편리하였다.
편의점이 가까이 있어서 편하였다.
아늑해하고 분위기 있어서 친구들과 사진찍고 놀기 적당하다.

<단>
화장실이 냄새나고 휴지가 부족하였다. 
문 여는 방법을 몰라서 전화 몇 번이나 드렸는데 통화가 되지 않아서 겨우 열었다.
출입문에 안전장치가 없어서 좀 불안하다"
36264,치미치미,4,2020-10-11 11:27:43,방탄소년단 온라인콘서트보려고 아미친구들과 같이 이용했습니다 빔프로젝트 큰화면으로 볼수있는 공간이라 좋았습니다 문의사항에 대해선 바로바로 피드백주셔서 이용하는데 큰 문제는 없었고 가까운곳에 편의점이있어 편리했습니다
36229,해렁,5,2020-10-10 18:15:43,브라이덜 샤워하려고 빌렸어요~ 친구들도 잘 골랐다고 너무 좋아했고 잘 이용하다가 갑니다~깔끔하고 분위기 굿굿입니다!
36171,혀니,5,2020-10-09 19:29:17,사진이랑 똑같아요 조용하고 아늑해서 친구들끼리 편하게 이용했습니다 :) 탁 트여있어서 창 열면 시원하고 좋았어요! 
36083,블링크,5,2020-10-07 21:11:02,"창밖으로 63빌딩이 보입니다! 
방은 말할것도 없이 좋았고 식기도구도 너무 깔끔했습니다.  "
36051,소독,5,2020-10-07 11:05:57,깨끗하고 넓어서 좋았어요 필요한 물건도 다 있고 위치도 마음에 들고요!
35858,조현지,4,2020-10-02 17:26:41,깔끔하고 식기도 아기자기 해서 좋았습니다! 나중에 날 좋은 날 다시 오고 싶어요:)
35805,truewisdom,4,2020-09-30 19:13:45,즐거운 시간 보냈네요~ 괜찮았습니다~
35804,phillos88,5,2020-09-30 19:11:33,가격도 저렴하고 공간도 깨끗해서 편하게 이용했습니다! 재방문의사 120%입니다 :)
35668,윰윰,5,2020-09-27 12:28:50,공간이 예쁘게 아담하고 식기 등 필요한 건 다 구비되어있어서 편하게 잘 놀았습니다. 루프탑이지만 춥지 않아요. 예쁜 추억 만들기 좋습니다!
35636,백세정,4,2020-09-26 18:41:20,코로나 시기에 친구들끼리 맘편하게 놀수있는 공간같아용 ~~ 그리고 사진도 너무 이쁘게 잘나오고 경치도 좋구 즐겁게 잘놀다 가요~~~!
35604,VK,4,2020-09-26 10:13:00,"잘 놀다 갑니다! 사진에 보이는 곳대로 입니다. 합정역과 가까워 이용하기 편합니다. 잠을 자기는 어렵고, 새벽까지 편하게 놀기 좋았습니다"
35538,bubble,5,2020-09-24 19:18:54,공간도 너무 이쁘고 이것저것 많아서 놀기도 좋아요 :) 다음에 또 이용할 것 같아요!
35521,3명이라구,5,2020-09-24 09:47:33,"창문이많아서 낮이였으면 더 이쁠거같아요.. ㅠㅠ 
퇴근하고가느랴 어쩔수없었지만 너무 이쁘네요!
잘이용했습니다!! 감사합니당!"
35470,head0314,5,2020-09-23 00:33:54,방도 이쁘고 창문이랑 인테리어도 너무 분위기있어요! 그릇도 아기자기하고 이뻐요 재밌게 잘 이용하다갑니다~
35344,즈흐이,5,2020-09-20 15:47:29,"깔끔하고 아늑하고, 무엇보다 자연채광이 너무 좋았습니다!  
일요일 오전에 꽃다발 만들기에 딱이었어요😊🌷 잘 이용하구 가요!"
35255,휴파레트,5,2020-09-18 12:38:15,"저는 총 여섯번 정도 컬러테라피 클래스에 사용한 것 같아요
공간도 아늑하게 너무 이쁘고 깔끔했어요
밤에는 은은하고 낮에는 빛 잘들어서
워크샵 또는 클래스 진행하기에도 좋았고
유튜브 촬영에도 도움이 되었습니다"
35238,설탕물,5,2020-09-17 22:16:51,"그릇이 다 구비되어있고 필요한건 다 있어서 좋았습니다 코로나로 인해 걱정했는데 깨끗했어요 손소독제랑 소독액이 구비 되어 있어요  그리고 빔프로젝터가 있는게 아주 좋았습니다
노트북을 가져가서 연결해서 얼굴 맛집 엑소의 DVD 영상을 연달아 보며 아주 행복한 시간을 가졌습니다 👉🏻🤍"
35191,on off,4,2020-09-16 22:12:48,화장실에 휴지가 없고 냄새가 좀 나는거 빼면 전체적으로 다 좋았어요! 빔프로젝터는 노트북 가져가셔야 연결해서 보실 수 있을거에용 식기구도 많고 냉장고도 커서 좋았습니당! 무엇보다 인테리어 때문에 사진이 다 예쁘게 나와요!
35068,yeryeong,4,2020-09-14 16:10:43,"예쁘고 네명이서 놀기 딱 좋았어요 ~! 저녁엔 채광을 못봐서 아침 일출로 봤는데 왜 채광맛집이라는지 알겠어요 ㅎㅎ 
다만 벌레는 정말 끊임없이 나오더라구요 .. ㅎㅎ 감안하셔야할것같아요 ㅠ"
35038,한지온,5,2020-09-14 08:07:28,날씨 좋은 날 가면 더 예쁠 공간이예요 덕분에 즐겁게 잘 놀았습니다!!
34942,dsafsd,4,2020-09-12 18:22:34,쓰래기처리 쫌 그랬지만 전체적으러 만족했어요
34827,규규,4,2020-09-10 10:08:29,친구 생일파티 하려고 빌렸어요. 홈플러스가 근처에 있어서 간단한 간식 종류 사다가 먹기 좋더라구요. 편의점도 가까워서 급히 필요한 물건도 사올 수 있어서 좋았어요. 공간이 예쁘고 아늑해서 특히 좋았구요 테이블 널찍해서 음식 많이 놓고 먹었는데 자리 모자르지 않았어요. 근데 화장실에도 테이블에도 휴지가 똑 떨어졌더라구요 담엔 여분을 준비해서 가야겠어요ㅜ
34787,남성현,5,2020-09-09 13:04:56,이쁘게 잘 꾸민 친구 자취방에서 노는 느낌이었어요. 가격이 비싸다고 생각했는데 이정도면 돈값한다고 생각해요. 다만 화장실에 방향제 하나만 두면 좋겠어요.
34637,올리버,5,2020-09-06 17:39:29,"사진과 동일하고 모든게 깨끗하고 좋았어요 :) 
화장실이 공간 안에 있으니 역시 편리할 뿐 아니라 깨끗하게 잘 관리 되어 있던 것 같습니다! 
낮 시간 예약 완전 추천드려요 <3"
34606,alswjd,4,2020-09-06 10:25:45,"사진그대로구요~~ 재밋게 놀다갑니다
다만 화장실이 제대로 청소 안되어있어서 별 한개빼요~ 숙박업소는 아니기에 자는데는 불편함이 있지만 밤새 노실거면 장소로 아주 적합해요~
어떻게 꾸미냐에 따라 사진이 엄청 달라질듯해요~ 이뻤습니다~"
34574,주코드,5,2020-09-05 18:15:35,"쾌적하고 무엇보다 조용해서 좋았어요!
5명이 놀기에도 제격! 햇빛도 잘 들어와서 사진도 예쁘게 찍혔답니다. 같이 온 친구는 다른 모임과 여기 오고 싶다고 하네요. 잘 썼습니다!"
34481,안경송이,4,2020-09-04 01:27:56,공간 크기나 감성이 정말 좋았어요!!! 스크린을 이용하는데 문제가 있었지만 대응을 잘 해주셔서 불쾌하지 않게 이용할 수 있었습니다:) 다음에도 또 올것같아요!!
34356,day6,5,2020-08-31 21:14:43,창문이 탁트여있고 밝아서 이 이시기에 즐거운 시간 잘보내고 갑니다!!💙 다음에도 또 이용할 것 같아요☺️
34284,난윤서,4,2020-08-30 14:44:49,"깨끗하고 친구네집 자취방에 온 것 같이 아늑해서 좋았어요 특히 색감이 노란색으로 되어있어서 따듯한 분위기라 좋아용 그게 라탄이랑 굉장히 잘 어울렸던것 같아요 다만 모기 등 벌레가 많은 점, 화장실이 살짝 아쉬운 점,출입문 안전장치가 사알짝 위험한거..? 정도만 빼먄 매우매우 만족해요 또 역이랑 가깝고 근처에 편의점이 있어서 공간성도 좋은 것 같아요! "
34134,수콩,5,2020-08-26 21:12:33,"통창이 있어 자연광이 예쁘게 들어오는 공간이예요! 냉장고도 있고 사진도 예쁘게 나와서 파티하기 딱 좋은것 같아요. 식기에 전타임에서 사용한 흔적이 있을 수 있으니 한번 헹구고 쓰시는거 추천드려요 :)
사장님 엄청 친절하시고 주변 사람들이 어딘지 공유해달라고 할만큼 너무 만족스러웠어요 재방문의사 100%예요ㅎㅎ"
34077,주연짱,5,2020-08-24 19:22:02,방 깔끔하고 예뻤어요 빔프로젝터 쏘는 스크린이 엄청 커서 좋았어요 창문이 커서 밖도 잘보이고 재밌게 놀다가 갑니다
34043,happ****,5,2020-08-23 23:42:42,공간도 너무 예쁘고 올나잇으로 빌렸는데 아침에 빛도 잘들어서 다음 낮에 한번 오고싶어요~! 칼이 저번에 손님이 파손해서 없던거랑 HDMI선이 약해서 다행이 개인적으로 갖고있는 친구가 다행히 개인것 쓴건 아쉬웠어요 ㅠㅠ 그래도 메세나폴리스 홈플이랑도 가까워서 쇼핑하기에도 편했네요. 덕분에 좋은추억 잘 쌓다 갑니다 ^^
33994,Jh,5,2020-08-22 18:55:42,"어플에 올라온 사진이랑 똑같았어용 ㅎㅎ
창문 뷰가 예술 🥳🥳
친구들과 좋은 시간 보내고 갑니당
"
33889,띠오니,5,2020-08-19 13:07:37,너무 예쁘고 깨끗해요! 이용전이나 공간사용중에도 궁금한 점 있어서 많이;; 여쭤봤는데 답변도 빠르시고 친절하셔서 진짜 좋았어요~ 아이패드 있으신 분들 충전기(선말고 콘센트 꽂는거) 가져가시면 빔 연결 가능해요~ 선 다 있더라구요! 저희 엄청 시끄럽게 잘 놀다 왔어요~ 공간 이뻐서 사진도 많이 찍었어요 다음에 또 올려구요ㅎㅎ
33844,송민영,5,2020-08-18 10:30:20,낮엔 낮대로 예쁘고 밤 되면 분위기가 너무 좋아요 깔끔하고 예쁘게 잘 꾸며져있어요!! 홈플러스에서 장 봐서 가기 위치도 딱이고 사장님도 친절하시답니당 원래 같은 곳 또 가는 거 안 좋아하는데 다시 방문하고싶을 정도로 만족스럽게 시간 보내다 왔어요 🥳
33800,진진,5,2020-08-17 12:21:54,"아주 잘 놀다 갑니다!
가격 대비 훌륭한 곳이에요
생일파티 했는데 다음에도 기회되면 이용하고 싶어요
장점은 깔끔하고/ 실내에 화장실이 있고/ 가격이 괜찮고/ 기본 도구(식기) 잘 갖춰있다는 점이 있습니다
단점이라 하면 문이 없는것과 문이 없어서 들어온 모기들..정도가 되겠네요!"
33727,나리,4,2020-08-15 20:45:23,엘레베이터도 있어서 편하고 역에서 진짜 1~2분 거리에 있어서 좋았어요!! 친구들하고 음악틀고 떠들었는데 정말 즐겁게 놀다갑니다! 화장실은 좀 아쉬웠어요ㅠ
33690,냥아치,5,2020-08-14 18:16:23,"깔끔하고 에어컨도 시원하고 있을거 다 있어서 
정말 편하게 놀다 갑니당 :D !!! 
조명도 인테리어도 은은하게 이뻐서 사진도 정말 많이 찍었습니다~
재방문 의사 있음!★★★★★★★★★★"
33584,신범수,4,2020-08-11 10:23:13,전체적으로 정말 좋았으나 빔프로젝터 상태나 화장실 냄새가 조금 아쉬웠습니다 퇴실 전인데 아주머니께서 노크도 없이 들어오신것도 약간 아쉬웠습니다
33556,sf94109,5,2020-08-10 16:06:13,여자친구들끼리 모임에 최적의 공간이였어요. 지하철역하고도 가까워서 교통도 너무 편했어요. 일행 중에 길치도 잘 찾아 오더라구요. 편의점도 가깝고 배달음식도 잘 오고 여튼 최고였습니다. 다음에 또 이용할려구요.
33524,융98,5,2020-08-09 21:13:38,친구들이랑 간만에 즐거운 시간 보냈어요! 더운 여름에 에어컨도 잘 나오고 빔프로젝트도 잘 이용했습니다~
33494,chloe,5,2020-08-09 10:29:11,공간 너무 예쁘고 식기랑 조리용품들 다 갖춰져 있어서 편하게 잘 놀았어요~ 친구들끼리 노래도 부르고 큰소리로 웃고 떠들어도 주변에서 뭐라 안할정도로 독립된(?) 공간이라서 그것도 넘 좋았었던 거 같아요!! 합정역 바로 앞이라 오기도 편하고 편의점 바로 앞에 있어서 필요한거 있음 바로 살수 있어요. 딱 하나 조금 불편했던 점은 현관문이 잠기지 않는 것 정도?
33440,유니,5,2020-08-07 19:11:36,성인여성 5명이서 갔는데도 놀기에 적합했고 보드게임과 빔프로젝트가 있어서 재미있게 놀았어요! 연결도 쉽고 간편했어요! 그리고 음식조리도구도 거의 다 배치되어있어 편하게 사용했습니다! 잘 놀다가요~
33407,네오팀,5,2020-08-06 17:19:03,"크지도 작지도 않은 공간이지만, 있을건 다 있고 깨끗한 곳이네요.
비오고 저 멀리 63빌딩까지 보이고 스피커로 음악듣고 프로젝터로 워크샵도 할 수있어서 다목적으로 쓸수 있는 최고의 공간입니다."
33355,선물,5,2020-08-05 00:35:34,"아늑하고 예쁜공간 좋았습니다

냉장고.전자레인지.식기류.젓가락까지
모두 있어서
간단한 음식도 잘 해먹었구요~
1분거리에 편의점
2분거리 합정역도 선택한 이유중 하나
였습니다
코로나 걱정 덜 하고 우리만의 공간이라
맘껏 누릴수 있었어요~
"
33212,kmsongkr,4,2020-08-01 18:16:13,합정역에서 정말 가까워요! 사진이랑 똑같이 이쁘게 꾸며져있고 아래에 사람이 없어서 더 편하게 이용할 수 있었어요 ! 정말 잘 쉬고 갑니다!
33176,MoonCine,5,2020-07-31 17:21:11,채광이 들어와서 스냅사진 찍기 참 좋았습니다!그리고 보통 파티룸이 안에만 깨끗하게 꾸며놓는데 여기는 건물 내외부가 깔끔해서 더더욱 좋았어요!
33169,yeonchu,5,2020-07-31 15:09:37,위치도 역이랑 가깝고 생각했던 것 보다 넓어서 좋았습니다! 편의점도 가까워서 잘 이용했습니다! 
33113,JUNE,5,2020-07-29 17:24:10,"넘친절하시고 장소 넘 맘에 들었습니다 
담엔 진짜 파티 하러 와야겠어요!"
33010,호경,5,2020-07-26 23:02:07,"4시부터 9시까지 이용했습니다! 
공간도 너무 예쁘고 블루트스스피커까지 이용 잘 했어요ㅠㅠ 아늑하고 예쁜게 생일파티 잘 이용했습니다 감사해요!!"
32981,반짝반짝,5,2020-07-26 10:17:35,"7시 부터 10시까지 친구들과 즐겁게  파티 하고  놀았습니다! 호스트 분도 카톡 피드백 빠르시구 친절해서 기분좋게 잘 놀다갑니다! 사진 그대로 통창이고 에어컨도 시원하게 잘 나오고 블루투스 스피커, 빔 등 되게 있으면 좋은 것들이 많이 있었어요! 영화보실꺼면 꼭 노트북 가지고 가셔서 연결해서 보세용! "
32946,공기영,5,2020-07-25 13:33:47,잘 못만났던 친구들 생파로 모여서 너무 좋았어요ㅠ 딱 들어갔을때 다들 우와할정도로 분위기가 좋았구요!! 근처 배달음식들도 맛나서 더 좋았네요! 인테리어소품들도 귀여워요ㅠ
32860,안뇽하세여호호,5,2020-07-22 10:15:55,"사진과 똑같았어요! 합정역에서 걸어서 5분정도 걸려요ㅎ 깔끔하고 인테리어가 이뻐서 사진도 잘나오고 커트러리 일회용 접시 나무젓가락 종이컵 등도 구비되어있어서 좋았어요~ 화장실이 내부에 위치해있어도 방에서 화장실냄새가 안났어요! 너무 재밌게 놀다와서 모두 만족합니다!
다만 모기가 너무 많아서 모기약 꼭 준비해가시길 바랍니다ㅠ"
32837,낑망닝,4,2020-07-21 17:43:09,"사진과 똑같이 생겼습니다. 화사해서 사진이 잘 나와요. 지하철역이랑 가까워서 좋았고 걸어서 10분 거리에 홈플러스도 있어서 장보기 편했어요. 호스트님 카톡답장이 빠르셔서 문의할때 편해요
그런데 생각보다 방크기랑 화장실이 좁을 수 있으니 참고하세요! 또 솔직히 엄청 깨끗하게 청소돠어있지는 않아서 아쉬웠습니다. 호스트님이 좀만 더 신경써주시면 좋을 것 같아요."
32770,orson,5,2020-07-19 20:29:59,사진그대로고요 위치좋고 시원하게 즐겁게 잘 놀았습니다~^^
32769,중심봄,4,2020-07-19 20:25:17,"위치 역이랑 가까워서 교통편이 좋아요
먹거리는 홈플러스있어서 사서들어왔어요!
공간 깔끔하고 아늑하니 좋았습니다!
맨윗층에 위치해있어서 밤새 시끄럽게 놀아도 신경안쓰이고 좋더라구요
다만 후기에서 보이듯 문이 잠금장치가 없어서 조금 불안하지만 바로 정면에있어서 누구오면 바로 보여요
화장실 세면대 정말 느리게내려가긴하더라구요
영상보러간거여서 만족입니다"
32713,요르레히후,4,2020-07-18 14:45:14,"요즘 바쁜 일정에 많이 지쳤던 팀원들끼리 요리도 하고 푹 쉬기도 하면서 제대로 힐링해서 너무 좋았어요~ 이런 공간대여 처음해봤는데 앞으로도 자주 이용 할 것 같아요! 
공간이 생각보다 조금 작았고 화장실이 조금 아쉬워서 별은 한개 뺐습니다~ 재미있게 놀다가요^^ "
32656,루루,5,2020-07-16 13:28:30,공간이 아담하고 깔끔했어요~! 뷰도 좋았어요~!!! 친구들과 편하게 잘 놀다 가네요~ 감사합니다!:)
32614,luckys****,4,2020-07-14 22:40:13,"잘 놀다 갔어용! 일단 채광이 좋아서 넘 좋더라구요~ 낮이 더 좋은것 같아용 ㅎㅎ
그냥 사진찍어도 이쁘게 나오더라구요!
아 화장실 세면대가 안내려가더라구요 ㅠㅍ 이것만 고쳐주시면 넘 좋을거 같아용!"
32598,대무대무,4,2020-07-14 16:14:35,분위기랑 창밖 뷰가 정말 좋았어요! 채광이 이쁜 곳인데 비오는 날 방문해서 아쉬웠어요  사진 그대로 하얀인테리어가 깨끗하고 감성적이에요 담요도 넉넉해서 재밌게.파티했습니다. 빔프로젝터도 잘 작동해서 잘 썼습니다. 다만 아쉬운 점은 방에 잠금장치나 보안장치가 아무것도 없고 미닫이문 하나라서 올나잇으로 이용할때 조금 불안했습니다 나머지는 다 좋았어요:)
32541,쨔니,5,2020-07-12 23:03:03,지인분들과 모여서 영상 보기로했는데 빔 프로젝터도 있고 거울 테이블 나머지 집기들도 나 너무 이쁘고 안락했어요!! 화장실도 깔끔하고 룸자체가 깔끔해서 다인원이 사용하기 좋고 보드게임도 많이 준비되어있어서 재밌게 잘 이용하고 가는거 같아요 감사합니다!
32514,임현지,5,2020-07-12 15:59:36,"딱 사진 그대로처럼 채광도 잘 들어오고, 깨끗해서 잘 이용했습니다 :) 합정역이랑 가까워서 찾아가기도 쉬웠어요! 덕분에 쾌적하게 공간 이용할 수 있었습니다~ "
32512,수정,4,2020-07-12 15:07:21,친구들과 놀러가고 싶은데 코로나 때문에 파티룸을 이용하게 됐습니다 근데 스페이스T를 친구들한테 보여주니까 다들 너무 예뻐서 좋다고 해서 예약하고 오늘 이용해보니 생각보다는 좁았지만 그래도 굉장히 만족해요! 사진이랑 똑같고 깨끗합니다. 다만 아쉬운건 화장실이 좀 냄새가 납니다... 그치만 파티룸 자체는 분위기도 좋고 깨끗해요! 잘놀다가 갑니다!:)
32456,혜서니,4,2020-07-11 11:28:30,화장실 세면대에 물이 잘 안내려가 조금 아쉽지만 깨끗하고 편안하게 잘 이용했습니당!
32449,샘킴,5,2020-07-11 00:17:44,깨끗하고 여러 편의용품도 구비되어 있어 정말 편했습니다. 뷰도 좋아서 인생샷 여러 개 건지고 갑니다. 
32418,jihoon9118,4,2020-07-10 10:12:49,"여자 다섯명이 파티하기 좋았어요 식기구가 잘 마련되어 있어서 좋은 것 같아요!
여름이라서 벌레가 많았는데 그거 빼고는 다 너무 좋았어요! "
32412,이철,5,2020-07-09 22:46:29,"분위기좋고 우리끼리만 놀수있는 공간이라 시끄럽게 떠들고 클럽노래방방 틀어도 아무도 뭐라하지않고 정말 재미잇게 놀았어요!
"
32361,닉넴,4,2020-07-08 17:47:13,방도 깔끔하고 생각보다 너무 좋아서 잘 놀고왔습니다! 부엌도 넘 잘 되어있습니다 담에 또 이용할게요!!
32339,혜승,1,2020-07-08 00:00:48,"최악이네요
오전10시에 퇴실이었는데 나가면서 다음 타임 손님들이랑 마주쳤어요 10분도 안돼서 다음 손님이 들어오는데
이 시국에 소독이랑 청소도 하나도 안하는게 너무 찝찝하네요 여기는 관리자가 따로 확인이나 청소를 아예 안해요일부러 파티룸으로 예약한건데..그리고 보증금 환불규정도 어이없어요 다음 손님이 봤을때 더럽다고 하면 보증금 환불이 불가한게 말이되나요"
32307,Bbbkong,5,2020-07-07 11:13:01,매번 베이킹 수업하고 있는데 너무 좋고 다음에도 계속 이용하고 싶어요!
32305,Bbbkong,5,2020-07-07 11:11:48,베이킹 수업 했는데 분위기도 너무 좋고 오신 분들도 다들 좋아하셨어요!
32294,이주현,5,2020-07-06 22:16:06,"사진속처럼 깔끔하면서 아담하고세련된 느낌이였어요!!!  보드게임도 있어서  더욱더시간 가는줄 모르고 게임도하고 식기들도 깨끗해서 좋았답니다! 다음에 기회가 되면
또 이용할게요:-)

"
32170,은혜,4,2020-07-04 16:15:30,"친구들이랑 파티하기 딱 좋은 장소였어요!
예쁜 식기도 충분히 있고, 에어프라이어도 있어서 다양한 요리 만들어 먹을 수 있었습니다. 다음에도 여기서 파티하려고요! "
32131,정옌,5,2020-07-03 17:11:28,"안락하고 깔끔해요! 창이 커서 좋습니다
날씨가 좋아서 창밖보기가 더 좋았어요❤️"
31961,jjeongyu,5,2020-06-28 21:16:17,"너무 예쁜 공간에서 즐거운 시간 보내다가가요~생일파티 즐겁게하고 가요! 채광도 너무 좋고 뷰도 좋아요!! 파티나, 기념일에 또 이용할게요!!! 합정에서 파티룸 여러군데 사용해봤는데! 제일 마음에 듭니다!"
31936,신죠,5,2020-06-28 12:00:11,토-일 올나잇 패키지 사용했는데 정말 너무 만족했어요! 밤에도 이뻤지만 창이 커서 낮에도 정말 예쁠거같아요! 조명 맛집이고 가까운 곳에 편의점도 있어서 정말 편리했어요! 에어컨도 엄청 빵빵하고 너무 잘놀다 갑니당
31908,성아,4,2020-06-27 18:16:15,"예쁘고 접근성이 좋습니다!
다만 문이 자동문으로 내부에 다른문도 없이 잠기지 않아 밤에는 좀 불안합니다"
31837,김정민,5,2020-06-25 10:10:37,"상당히 만족스러웠습니다.
 위치가 너무 좋네요"
31786,알미,5,2020-06-23 23:15:17,"합정역에서 가까이 있어서 모임으로 쓰기에 딱 좋은 곳이예요! 저는 4명이 이용했는데, 식기류랑 의자도 잘 구비되어 있어서 6-8명까지도 사용가능할 것 같아요~
5층까지는 엘레베이터로 가고, 계단으로 1층만 올라가면 자동문이 있는데 수동으로 열어주시면 바로 장소가 나옵니다.
화장실은 후기 보고 걱정했는데, 방이 워낙 깔끔해서 상대적인 후기 같아요~ "
31747,sun,5,2020-06-22 22:13:33,요새 밖에 나가서 모임 가지기 어려운데 단독으로 친구들끼리 모여 즐기기 너무 적합한 장소였습니다! 특히 빔이 너무 좋았어요! 음식 주문해도 문앞까지 배달 잘 해주셔서 좋았고 역이랑 가까운게 가장 좋았어요!! 알차게 잘 놀다 갑니다 ><!! 자주 이용할거 같아요~!!
31738,양요,3,2020-06-22 16:59:25,"계단 올라가서 자동문이 있는데
이 문을 수동으로 밀어서 열자마자 바로 공간이 있습니당!
날씨가 좋았는데 햇살이 정말 예쁘게 들어 오더라구요! 사진이랑 딱 똑같았어요~
블루투스가 있어서 노래도 잘 들었고, 무엇보다 역이랑 가까워서 접근성이 넘 좋았어요!
흡 그치만 화장실 청소가 전혀 안되어 있어서 별 뺐어요ㅠㅠ"
31731,시니,4,2020-06-22 14:20:21,"토-일 올나잇을 이용했었습니다!
합정에 이런 공간이 있어서 놀랐어요 아늑하면서도 깔끔하구 창도 크게 나있어서 답답하지도 않고 너무 조았어요 ㅠㅠ
보드게임도 준비되어 있구 블루투스 스피커도 있어서 노래맞추기 게임도 하구 너무 조았어요 ㅎㅎ 
다만 한가지 아쉬운 점은 화장실 개수대 물이 너무 안내려가서 별하나 뺏습니당
그 외에는 너무 맘에 들었던 공간💕"
31617,J1CHANGM1N,5,2020-06-19 09:44:23,"두달만에 재방문 했어요! 전기포트며 전자레인지까지 정말 잘 구비되어있어서 너무 좋았어요~ 빔프로젝터랑 스피커까지 영상 관람하기에도 적절했어요!
급하게 파바 이용했어야 됐는데 주변에 배민으로도 주문 가능했어서 편리하구 좋았어요 !!! "
31570,Bbbkong,5,2020-06-17 14:14:36,"너무 깔끔하고 좋았어요!
계속 이용할거 같습니다"
31478,효짱,5,2020-06-14 17:28:07,친구들 생일파티 재밌게 하고 갑니다! 에어컨이 너무 잘 나와서 오히려 추워서 혼났어요 ヲヲヲ 냉장고도 진짜 크고 가까운 곳에 편의점 있어서 좋았어요!
31398,김남형,5,2020-06-12 11:55:30,조용하고 깨끗하고 빕프로젝터랑 스피커 있어서 준비한 게임들 재밌게 할 수 있었어요. 사용해서 재미있게 잘 놀았습니다. 다음에 또 행사 있을때 사용하려고 합니다. 감사합니다.
31318,쏘윈,5,2020-06-09 16:27:07,"빔프로젝트 사용목적으로 모임진행했는데 깔끔하고 기기 사용도 용이해서 너무 좋았습니다! 역이랑 편의점도 가깝고 무엇보다 독립된 공간이라서 자유롭게 사용가능한 점이 좋았습니다~

다만 싱크대, 화장실 세면대 배수 문제가 있어서 좀 번거로웠지만, 실시간으로 요청사항 전달이라든지 바로바로 연락이 되서 문제점 해결해주시려는 노력에 별 5개 드릴게요!"
31307,자몽,4,2020-06-09 01:52:11,"위치는 역과 가까워서 찾아가기 좋고, 7층이라서 햇빛도 잘 들어오고 전망도 꽤 좋습니다. 내부도 깔끔하고 식기 포함 웬만한 건 다 구비되어 있어서 편하고 좋았습니다. 다만 한 가지 아쉬운 점은 화장실이 조금 지저분했습니다ㅠㅠ 그 외에는 다 너무 좋았고 즐겁게 놀다 왔습니다!"
31236,콩쌍,5,2020-06-07 11:20:15,"친구들과 생일파티 너무 재밌게 했어요.
식기도 다양하게 준비되어있고, 화장실도 깔끔하고, 다음에도 재방문의사 100입니다. 추천드려요~~"
31223,릭코,5,2020-06-06 20:38:05,"다닌 쉐어 하우스중 제일 마음에 드는 장소입니다 
오전 시간대로 예약해서 너무 잘 놀다 왔습니다!
또 방문하고 싶을 정도로 마음에 들었습니다^^
감사합니다~"
31198,너구리,5,2020-06-05 22:35:27,사진 그대로 햇살이 너무 맘에 들었던 공간이었어요! 덕분에 사진도 잘 나왔어요! 7층이라 전망도 나름 좋구 너무 맘에 들어서 연말에는 올데이로 또 가고싶네용
31168,해리,5,2020-06-05 12:05:54,너무 재밌게 놀았어용ㅎㅎ 6명이서 썼는데 방도 충분히 넓었고 보드게임도 많아서 재밌게 놀았어욤!!
31132,Hayley,5,2020-06-03 19:27:06,"깨끗하고 좋았어요 :) 
앞에 바로 편의점도 있고 공간도 넓어서 편했습니다 :)  "
31083,상추우,5,2020-06-01 23:17:39,너무 즐거웟습니다  이시국에  친구들모임하기  최적의  장소라고  단연코  강추 드립니다.!!!이시국  또길어지면  종종  이용할게요!!0
31075,주희,5,2020-06-01 17:42:20,"주변이 조용해서 스터디하기 좋았어요. 역 근처라 찾아오기도 쉬웠고, 무엇보다 층이 높아 채광이 좋아서 날씨 좋은 날 기분 좋게 이용했습니다.^-^ 저녁에 이용해도 분위기가 좋을 것 같네요. 화장실이 내부에 있는 점도 편리했고 테이블에 소파가 있어서 아늑했어요. 다음에 파티 목적으로도 이용하고 싶어요. ☺️ 잘 이용하고 갑니다!"
31048,야생초,5,2020-05-31 20:58:15,공간도 너무 예쁘고 펜션에 놀러간것처럼 편하고 좋았어요:) 다음달에도 또 이용할 계획이에요. 감사합니다~!
31024,조혜민,5,2020-05-31 12:08:47,"합정역이랑 가까이 있어서 찾기도 쉬웠고
공간도 너무 깨끗하고 좋았습니다
주변 편의점도 바로 있어서 편했고
매일 소독도 해주셔서 안전하게 이용 잘했습니다 ㅎㅎ"
30986,심다솔,5,2020-05-30 13:09:55,"공간도 너무 예쁘고 보드게임이랑 마이크 등등 즐길거리들이 많아서 좋았어요^^
친구들 모두 만족하고 즐겁게 놀다갑니다"
30887,쨘,5,2020-05-26 19:12:14,짧게 이용할 공간이 필요했는데 시간단위로 이용할 수 있을뿐더러 가격도 괜찮고 분위기도 너무 좋아서 만족스럽게 이용했습니다^^  사진은 찍지 못했지만 아주 깔끔하고 좋았습니다^^
30885,볼레로,5,2020-05-26 18:33:14,"모임을 위해 여기저기 찾아보다가 방문하게 되었는데
일단 주간 경치가 훌륭한게 좋았습니다. 
채광도 훌륭하고 창문밖으로 멀리까지 시야가 트여서 기분이 좋았습니다
내부 공간도 새로지은 느낌이 들어 깨끗하고 가구나 벽지도 밝은 느낌이라 좋았습니다
다음에 기회가 되면 다시 방문하고 싶습니다"
30868,은다다,5,2020-05-26 07:01:49,"정말 오랜만에 만난 사람들과 마음껏 이야기 하고 놀았습니다. 시간 연장을 계속하다보니 번거로우셨겠지만 친절하게 안내 해주셔서 감사합니다...

공간도 매우 만족스러워 모인 멤버들이 다음에도 다같이 또 이 공간에서 모이자라는 이야기가 끊임 없이 나왔습니다.

정말 감사하고 죄송하고 감사합니다..♡"
30777,밍밍구리,5,2020-05-23 14:33:08,밤에는 밤대로 낮에는 낮데로 놀기에 딱 분위기가 좋습니다ㅎ
30634,전애실,4,2020-05-18 14:49:34,"공간이 넓고 깔끔해서 좋아요! 보드게임도 있고, 빔프로젝트도 있어서 노트북이나 핸드폰 연결잭 가져가시면 좋아요 ㅎㅎ 화장실이 좀 불편해서 아쉬웠고, 냉장고에 짐이 있어서 저희 짐을 넣을 공간이 부족했어요. 설거지 할 세제는 없으니까 개인적으로 챙겨가시면 좋을거 같아요~"
30614,지윤이,5,2020-05-17 22:29:33,"먼저 역에서 찾아오기 쉬운 장소여서 좋았어요! 너무 골목 안으로 위치한 게 아니라서 쉽게 찾을 수 있었어요~
확 트인 전경이라 답답한 거 별로 안 좋아하시는 분들이 너무 좋아할 거 같아요!ㅎㅎ
안에도 너무 깔끔하고 이용하기 편하게 되어 있어서 너무 잘 쓰고 갔습니다!"
30580,엑민수,5,2020-05-16 21:18:01,조용하고 있을거 다 있고 놀기 좋았어요~ 예쁘게 꾸며져 있어서 사진 찍기도 좋았습니다!
30560,이예진,5,2020-05-16 10:12:22,"친구들과 오랜만에 너무 재미있게 놀다왔어요 다락방처럼 아늑하고 인테리어도 예쁘고 일곱명이서 쓰기에 전혀 좁지 않은 테이블이었도, 보드게임 있는게 완전 센스..! 또 이용할 생각 있어요"
30542,단추,4,2020-05-15 12:36:46,"엘리베이터도 있고, 내부도 아담하면서 편하게 되어있어서 작은 파티 하기에 딱 적절했어요 ! 빔프로젝트도 있어서 노트북만 들고가면 영화도 볼 수 있었습니다 ㅎㅎ 깔끔하고 고즈넉한 분위기 였네요 "
30441,미뇽이,5,2020-05-11 19:24:24,"친구들과 너무 재미있게 놀다갔어요’
깔끔하고 인테리어도 심플하니 예뻐서 부담없이 놀았습니다🥰"
30399,_,5,2020-05-10 21:12:23,"깔끔한 곳에서 걱정 없이 잘 놀았어요!!
집기도 다 깨끗해서 예쁘게 잘 썼고 예쁜 사진도 많이 찍었습니다♡ 또 올게요 감사합니다!!"
30398,나나,5,2020-05-10 20:49:22,친구들과 즐거운 담소를 함께 할 수 있는 안락한 공간을 찾는 차에 이곳을 찾게되었습니다! 일단 지하철 역과 비교적 가까운 거리라서 너무 좋았습니다. 깔끔한 디자인과 예쁜 식기가 정말 마음에 들었습니다. 어떤 파티룸은 종종 빔프로젝터로 영상을 관람하다가 끊기는 경우가 많았는데 여긴끊기는 거 없이 아주 잘 보았습니다! 의자도 넉넉하고 쇼파도 편안하여 좋았습니다
30368,호동,5,2020-05-10 02:12:01,"정말 좋았어요!!!
식기류, 분위기가 너무 마음에 들어서 마지막에 2시간 더 연장 하고 잘 놀았습니다^~^"
30365,헷지93,5,2020-05-09 23:43:22,브라이덜샤워로 공간대여했어요~날씨가 좋았으면 더더 예쁜 공간일텐데 날이 흐려서 조금 아쉬웠어요! 잘 이용했습니다 
30343,조원흥,5,2020-05-09 17:08:26,생각보다 넓고 좋았어요!무엇보다 두면이 창이여서 되게 탁트인 느낌이였어요! 쓰레기봉투도있고 에어프라이어랑 보드게임 빔프로젝트 스피커 마이크...진짜 없는게 없고 분위기도 좋았어요! 즐겁게이용하고가요!
30312,이석빈,5,2020-05-08 18:11:50,정말 깔끔하고 간단한 조리도 할 수 있게 시설이 잘 되어 있었어요. 화장실도 깔끔하고 주방용품도 많이 있었어요 정말 최고입니다 !!다음에도 꼭 이용하고 싶어요 재방문의사 100%입니다!!
30147,아니,5,2020-05-02 22:12:23,분위기가 너무 좋아서 함께 간 사람들도 다 마음에 들어했어요 ~ 다음에 또 와서 놀고싶네요 !!완전 추천합니닷
30146,Bagseona02,5,2020-05-02 21:35:28,"직원분들이 다들 친절하십니다
쓰레기봉투는 퇴실하실 때 직원분이 문 앞에 나두고 가주셔서 감사했습니다.
전체적으로 인테리어도 좋고 오랜만에 친구들끼리 수다 떨 수 있는 좋은 공간이였습니다."
30086,J1CHANGM1N,5,2020-04-30 23:00:24,"접근성도 좋고 공간도 예뻐서 기분 좋게 이용했어요 ! 다같이 영상 감상 하려고 대실했는데 와이파이도 잘 터지고 끊김 없이 잘 볼 수 있었어요 !! 스피커 이용이 잘 안돼서 문의 드렸는데 직접 봐주시고 , 블루투스 스피커도 빌려주셔서 정말 감사드렸습니다 ><"
30084,윤지선,5,2020-04-30 22:11:17,"채광이 좋은곳을 찾다가 이용하게 되었는데요, 전체적인 분위기는 화이트와 우드톤으로 되어있어서 따뜻하고 편안한 느낌이 납니다^^*
주변도 조용해서 소음이 걱정되시는 분들이 이용하시면 좋을것 같아요!!
컴퓨터랑 스크린 연결해서 영상보면 좋을듯하구요, 삼각대나 거치대는 없어서 개인적으로 챙겨가시면 될것 같아요~ 짧은시간 이용했지만 함께간 멤버 모두 만족했어요:)"
30025,vuy595,5,2020-04-29 15:33:17,술집대신 파티룸 잡아서 놀았는데 친구들끼리 정말 재밌게 놀았습니다.파티룸 공간이 깔끔+이쁘고 조명도 분위기있어서 좋았어요. 보드게임까지 있어서 보드게임 하면서 시간가는줄 모르고 놀았네요! 다음에 또 이용하고 싶어요!
29926,,5,2020-04-25 23:20:41,"친구 브라이덜샤워 파티 때문에 이용했는데 장소도, 위치도 참 좋았어요! 저희는 6명이었는데 커틀러리나 식기류도 넉넉하게 있고, 에어프라이어랑 전자렌지 있어서 반조리 음식 조리해서 먹을 수 있었구요! :) 편의점도 가까워서 먹다가 부족한 것들 있으면 바로 나가서 살 수 있었던 것도 편했습니다. 대체적으로 만족!"
29909,miiinn,5,2020-04-25 17:24:21,깔끔하고 인테리어소품들도 너무 예쁜것 같아요~식기들도 너무 잘 되어 있어서 유용하게 잘 썼어요~또 방문하겠습니다! 이용시에 필요한 것도 바로 가져다주시고 너무 감사했습니다!
29895,서정민,5,2020-04-25 01:27:01,공간이 위치도 좋고 너무 이뻤어요!!!!역이랑도 가깝고 건물 자체가 쾌적하고 관리가 잘된 것 같아요 파티에 필요한 거의 모든게 있어서 추가 한시간으로 더 예약했는데 그것도 부족하다고 느낄 정도ㅠㅠㅠ 깔끔한거 좋아하시는 분들에겐 정말 정말  왕추천입당!!! 다음에도 이용하고 싶어요
29858,91913799 우제혁,5,2020-04-23 23:27:08,정말 만족스럽게 놀았어요 빔프로젝트 부터 보드게임까지 정말 없을거 없고 무드등이랑 인스타용 사진들도 건질수있는곳이여서 정말 강추 합니다!
29805,윤영,5,2020-04-22 10:47:22,인테리어도 너무 깔끔하게 잘되어있고 창도 너무 좋더라구요!! 생각한 만큼 기대치에 만족해서 다행이에요ㅎ 게임들도 구비되어있어서 정말 재미있게 놀다 가요ㅎ 가격도 합리적이여서 다음에도 파티시 이용하고 싶어요ㅎ
29795,뽀얌,5,2020-04-21 22:33:16,"공간이 깔끔하고 예뻐서 너무 마음에 들었어요!
그리고 빔프로젝터 사용 목적으로 이용했는데, 빔프로젝터 만족도가 높았답니다 ㅎㅎ 다음에 다시 또 이용하고 싶은 파티룸이에요. 좋은 추억 만들고 갑니다!"
29733,강다굴이,5,2020-04-20 00:11:03,친구들이랑 이용했는데요. 전자레인지도 있고 그릇도 있고 포트도 있고 웬만한건 다 있어서 편했구요. 사진도 찍고 잘 놀다 갑니다! 저희끼리만 놀 수 있어서 특히 좋았어요 ㅎㅎ저희가 쓰레기 분리수거 하는걸 잘못이해해서 실수가 좀 있었는데 잘 이해해주셔서 너무 감사하고 죄송했습니다ㅠㅠ다음에 또 이용하고 싶어요ㅎㅎㅎ
29663,꼬르르능,5,2020-04-18 10:26:56,시설도 너무 깨끗하고 조용하고 근처 편의시설도 가까워서 매우 좋았어요~~
29593,백지,5,2020-04-16 00:34:51,완전 강추해요!! 위치도 역이랑 가까워서 좋았고 주변에 편의점도 있고 빵집도 있어서 좋았어요!! 호스트분께서는 항상 빠르고 친절히 대답해주셔서 더더 좋았어요:) 공간은 매우 깨끗했으며 야경도 이뻐서 인생샷 건졌어요!! 배치되어 있는 인덕션으로 파스타도 해먹었구요ㅎㅎ 덕분에 알차게 놀았습니다!! 요즘같은 시기에 이런 공간 빌려서 잠시라도 친구들과 즐거웠습니다
29484,주짠,5,2020-04-12 12:14:06,낮에 이용했는데 볕도 잘 들고 좋았어요! (사진도 많이 건졌어요!) 비치되어 있던 보드게임으로 친구들과 즐겁게 놀았습니다! 
29451,조경모,5,2020-04-11 14:53:23,여자친구도 많이좋아하고 시설도 좋고 안에 보드게임도 있어서 재밌고 좋은하루보냈습니다
